id,orig,trans
0101Adv04_Hanna001,"……ふんっ、<ruby=""とおの"">遠野</ruby>ハンナですわ。<br>お見知りおきあそばっ……お見知りおきあそばせせ？","……呵，我是远野汉娜。<br>
往后请多多指照……往后请多多关教？"
0101Adv04_Hanna002,ちょっとお先によろしいかしら？<br>あなた、レイアさんと言ったわね。<br>いきなり人のことを笑うのは失礼じゃなくて？,"能先让我讲话吗？<br>
你的名字叫蕾雅对不对。<br>
一上来就笑话别人，也太失礼了吧？"
0101Adv04_Hanna003,きっ、気にしてないし……っ,我、我也没在意啦……
0101Adv04_Hanna004,もう突っ込まないでいいから！<br>ほっとけ～～っ！！ ですわ！！,"不要再吐槽了啦！<br>
你别管我了～～！！就这样！！"
0101Adv04_Hanna005,名探偵ぃ？？ あなたが？？,名侦探？？你？？
0101Adv04_Hanna006,キャアアアーッ！！,呀啊啊啊——！！
0101Adv05_Hanna001,わたくしもあなた側につきますわ。<br>偉そうに仕切るヤツが嫌いなんですの。,"我也要和你站一边。<br>
本小姐最讨厌那种一副大人物的样子指指点点的人了。"
0101Adv08_Hanna001,あなた味覚ぶっ壊れていますの？<br>超絶まじーですわ……。,"你的舌头是不是坏掉了？<br>
这个超级难吃的……"
0101Adv08_Hanna002,禁止時間に外にいたのなら、<br>懲罰房とやらへ連れていかれたのかも<br>しれませんわね……。,"如果在禁止时间内被发现人在外面，<br>
应该就会被带到<br>
那个所谓的惩罚室吧……"
0101Adv08_Hanna003,あいつ……<br>魔法を使っているにちげーねーですわ。,"那个女人……<br>
刚刚肯定在用魔法。"
0101Adv08_Hanna004,女子を誘惑する魔法なんか使って……<br>しかも芸能人だからって、囲いを作って、偉そうに！,"竟然使出诱惑女孩子的魔法……<br>
而且还仗着自己是艺人，搞什么小团体，真叫人生气！"
0101Adv08_Hanna005,……ふぅ、何も知りませんのね。シェリーさんも、<br>あなたも。,"……哈啊，看来你们两个<br>
是真的什么都不知道呢。"
0101Adv08_Hanna006,魔女因子を持っている子は、不思議な力が使えるんですの。<br>それが【魔法】。,"拥有魔女因子的人，可以使用神奇的力量哦。<br>
那就是【魔法】。"
0101Adv08_Hanna007,あなたたちも気付いてないだけで、<br>何か不思議な力を持っているはずですわ。,"只是你们没有发现，<br>
自己其实也会用某些神奇的能力而已。"
0101Adv08_Hanna008,あ……あ……。,啊……啊……
0101Adv08_Hanna009,どこがちょっとなんですの！？ ゴリラ女！？,这算哪门子的“稍微”啦！？你是猩猩女吗！？
0101Adv08_Hanna010,はいそれあなたの魔法！！,好啦那就是你的魔法啦！！
0101Adv08_Hanna011,逆に今まで気付かなかったのが信じがたいですわ……。,我才不信你真的从来都没发现呢……
0101Adv08_Hanna012,仕方ないですわね。そんなに見たいのなら見せてあげても<br>よろしくってよ？ よ？,"真拿你没办法。这么想看的话<br>
本小姐就表演给你看咯？看好咯？"
0101Adv08_Hanna013,これがわたくしの魔法ですわあぁっ,这就是我的魔法哇哇哇～
0101Adv08_Hanna014,このまま移動もできますのよ！,我还可以一边飞一边移动！
0101Adv08_Hanna015,……と、こんな風にわたくしたちは<br>魔法を持っていますの。<br>きっと魔女見習いみたいなものね。,"……就像这样，我们是<br>
会使用魔法的。<br>
我想这算是实习魔女吧。"
0101Adv08_Hanna016,自分が不思議な力を使えるって気付いた時から、<br>わたくし、色々調べてきましたの。,"我发现自己会使用神奇能力之后，<br>
就开始了调查，知道了很多事。"
0101Adv08_Hanna017,魔女因子や牢屋敷のことは、<br>都市伝説で聞いたことがありますわ。,"魔女因子还有监牢的事，<br>
我有听都市传说讲过哦。"
0101Adv08_Hanna018,魔法を持つ者は、魔女になるかもしれないから<br>１５才で牢屋敷送りになるって。,"说拥有魔法的人可能会变成魔女，<br>
所以要在15岁的时候送到监牢里。"
0101Adv08_Hanna019,可能性はありますわね。<br>検査なんて、いつされたのかもわからないですし。,"嗯，有可能。<br>
毕竟也不知道所谓的检查是什么时候做的。"
0101Adv08_Hanna020,わたくし、牢屋敷送りが嫌で<br>この能力をずっと隠してきましたのに……。,"我本来是不想被关进监牢，<br>
才一直以来都隐瞒了这份能力……"
0101Adv08_Hanna021,こんなところに閉じ込められて、<br>この先、どうなってしまうんですの……。,"关进这种地方，接下来究竟<br>
会变成什么样……"
0101Adv16_Hanna001,まずい。まずいですわ……！ くそー。,难吃。难吃死了……！该死的。
0101Adv16_Hanna002,バルーンがここに捕まっていますの？ そんなバカな……！<br>一体誰でやがりますの！？,"“气球”被抓到这里了？怎么可能……！<br>
究竟是谁哇！？"
0101Adv16_Hanna003,はぁっ！？ 嘘でしょう！？<br>【バルーン】といえば、<br>ネットで話題にならない日はありませんのよ！,"哈啊！？假的吧！？<br>
说到【气球】，<br>
网络上可是一天都没少过他的话题欸！"
0101Adv16_Hanna004,そのアートはどこからか現れ、描くところを見た者はいない…… 正体は謎に包まれ……その芸術的なアートは<br>若者を中心に多くの者を魅了している……。,"他的画会忽然间出现在某个地方，但从未有人看见过他<br>
作画的样子……其真实身份充满谜团……而那充满艺术的绘画<br>
令年轻族群为主的多数人为之倾倒……"
0101Adv16_Hanna005,あの子がそんな、世界的に有名なアーティストだなんて！,而她居然就是那个世界有名的艺术家！
0101Adv17_Hanna001,服を捨てるなんて……ぐぬぬ、もったいないですわ……。,竟然要丢掉衣服……咕唔唔，太浪费了……
0101Adv17_Hanna002,まだ全然着られますのに！,明明还能穿欸！
0101Adv17_Hanna003,うっ……嫌ですが、<br>規則違反がバレたら何をされるかわかりませんし……。,"呜……虽然很不愿意，<br>
但是要是被抓到违反了规定，不知道会遭怎样的处罚……"
0101Adv17_Hanna004,仕方ないですわ、くそ～～！,真是没办法，该死～～！
0101Adv17_Hanna005,――しかも毎日同じ服着なきゃならないなんて！<br>せめて寝間着は用意してほしかったですわ。,"——而且每天都要我们穿一模一样的衣服！<br>
应该至少给我们准备一套睡衣才对。"
0101Adv17_Hanna006,ふん、趣味は悪くないんじゃないかしら？,呵，看来它的喜好还不算太差……
0101Adv17_Hanna007,べ、べべべべっつにぃ？ 気に入っていませんけどぉ？,才、才才才才没有吧？一点都不喜欢哦？
0101Adv17_Hanna008,ふんっ、こんなもの見る価値ありませんわね。,哼，这样的东西根本没有看的价值。
0101Adv17_Hanna009,！,！
0101Adv17_Hanna010,何しますの！？ お返しなさい！,你在干什么！？把手机还给我！
0101Adv17_Hanna011,このゴリラ女！ 返せ！！,你个猩猩女！快还给我！！
0101Adv18_Hanna001,あなたたち、何をやっていやがりますの？<br>看守に見つかったら懲罰房行きになりますわよ。,"你们在这里干什么呀？<br>
万一被看守看见了，可是要被关进惩罚室里的哦。"
0101Adv18_Hanna002,どこで見られてるのか、<br>わかったもんじゃねえですわよ。,"我们根本就不知道<br>
它们会从什么地方看着我们。"
0101Adv18_Hanna003,少し遠くまで歩いていってみたのですが、<br>監視の化け物フクロウが大量に飛んでいましたわ。,"我刚刚去了比较远的地方，<br>
看到有好多监视的怪物猫头鹰在天上飞。"
0101Adv18_Hanna004,ええ……正確な仕組みはわかりませんが、<br>遠くまで逃亡して監視のフクロウに発見されたら、<br>看守に連絡が入るんでしょう。,"嗯……虽然不清楚准确的机制，<br>
我猜只要往远处逃，被监视的猫头鹰发现的话，<br>
看守就会收到联络。"
0101Adv18_Hanna005,フクロウなら夜目もきくでしょうし……<br>夜闇にまぎれて脱獄しようとする囚人もいるのでしょうね。<br>はぁ……。,"猫头鹰的夜间视力应该很好……<br>
这也是为了提防趁夜色昏暗越狱的囚犯吧。<br>
唉……"
0101Adv18_Hanna006,わたくしも、どこか出られる場所がないか<br>探してみてたんですわ。,"我也有在找找看，有没有什么地方<br>
可以逃出这里。"
0101Adv18_Hanna007,そんな簡単にいくわけねえですわ。見たらわかるでしょう？<br>一帯全てが高いコンクリート塀に囲まれていて。,"怎么可能那么顺利。你也看到了吧，<br>
这附近全部都被混凝土高墙围住。"
0101Adv18_Hanna008,残念ながらわたくしたちが閉じ込められているという事実に、<br>変わりはねーですわ。,"很遗憾，我们被困在这个地方的事实<br>
没有任何改变。"
0101Adv18_Hanna009,それと、ひとつわかったことがありますわ。,我还发现了一件事。
0101Adv18_Hanna010,ここは島ですわね。微かに潮のにおいと……<br>塀に耳をつけたら波の音が聞こえました。,"这里是座小岛吧。我有闻到一丝海浪的气味……<br>
把耳朵贴在围墙上，还听到了波浪的声音。"
0101Adv18_Hanna011,そしてこの島全体を塀で囲っているのなら、<br>ここからの脱出は相当難しいですわ。,"而且整座岛都被围墙围住，<br>
想逃出这里一定很困难。"
0101Adv18_Hanna012,早く、早くここを出ないと……。,我一定要早点逃出这里……
0101Adv18_Hanna013,――大丈夫なわけないじゃない！,——怎么可能没事！
0101Adv18_Hanna014,おぞましい化け物が<br>常にわたくしたちのことを見張っていますのよ！？,"可怕的怪物<br>
可是时时刻刻都在监视我们哦！？"
0101Adv18_Hanna015,こんなところはもう嫌ですわ！！<br>いつかわたくしたちもあんな化け物に――。,"我已经受够了这个地方了！！<br>
而且我们以后可能也会变成那样子的怪物——"
0101Adv18_Hanna016,素手でどうにかしようという思考がどうにかしてますわよ！？,竟然想赤手空拳解决问题，你的想法也太不正常了吧！？
0101Adv18_Hanna017,ひっ……。,噫……
0101Adv18_Hanna018,一体どこに逃げるんですの！？,到底往哪里逃！？
0101Adv20_Hanna001,なんですって……それって一大事じゃ！？,什么……这事很严重欸！？
0101Adv20_Hanna002,あんな状態じゃ、トラブルを起こしそうですわ。,她这副样子，很容易惹出事欸。
0101Adv20_Hanna003,大変ですわ、暴力沙汰になりますわ！,不好啦，要发生暴力事件了！
0101Adv21_Hanna001,シャワーだけでなく、お風呂に浸かりてえですわ。<br>ふわあ～。,"累死了，光冲澡已经缓解不了疲劳了，好想泡个澡啊。<br>
呼啊～"
0101Adv21_Hanna002,自分からぶつかっておいて、失礼なヤツですわね！,明明是她自己撞上来的，真是没礼貌！
0101Adv21_Hanna003,べ、別にあなたに気を遣ってもらわなくても<br>けっこうですわ！,"本、<br>
本小姐可用不着你来关心！"
0101Adv21_Hanna004,ふん、毎日毎日みんなに気を配ってご苦労なことね。,哼，真是辛苦你每天费心照顾其他人呢。
0101Adv21_Hanna005,ふ、ふーん。まあ、見てあげなくもないですわよ？<br>い、行きましょうメルルさん！,"哼～倒也不是不能看一眼哦？<br>
走、走啦，梅露露！"
0101Adv24_Hanna001,なっ……。,什么……
0101Adv24_Hanna002,……そうね、絶対に犯人を見つけましょう。,……说得对，一定要找到凶手。
0101Adv26_Hanna001,ちょっとあなた、神経どうかしてるんじゃありません？<br>よくスキップなんかできますわね。,"我说你，是不是太过神经大条了？<br>
真亏你走路还能一蹦一跳的。"
0101Adv26_Hanna002,ナチュラルにハブられてません？,你这是明显被人孤立了欸？
0101Adv26_Hanna003,それ絶対良い意味じゃないですわ。,那绝对不是什么正面称呼啦。
0101Adv26_Hanna004,なんだか慌ててる様子にも見えましたわね……。,我是感觉她看起来有点慌张……
0101Adv26_Hanna005,こんな残酷なものを撮影しようなんて<br>よく思えますわね……。,"亏你能想得到<br>
把这么残忍的景象拍下来……"
0101Adv26_Hanna006,わたくしたちが普段使っているチャットツールと同じですわね。<br>それなら……。,"和我们平常用的聊天工具基本一样呢。<br>
那……"
0101Adv26_Hanna007,なんの記念ですの……。,这是要纪念什么东西啊……
0101Adv26_Hanna008,…………。,…………
0101Adv26_Hanna009,あなたたち、よくそんなじろじろと見られますわね……。<br>わたくし気分が悪ぃですわ……。,"真亏你们能一直死盯着现场看……<br>
反正我感觉很不舒服……"
0101Adv26_Hanna010,あの、気のせいかもしれませんけど、<br>床にひっかき傷みたいなものがありません？,"我说，不知道是不是我的错觉，<br>
你们有没看到地上有一些划痕？"
0101Adv27_Hanna001,あれ、でもここまで来ている子がいるみたいですわよ。,哎呀，似乎还有其他人来了这个地方呢。
0101Adv27_Hanna002,わかる気がしますわ。,我懂她的感觉。
0101Adv27_Hanna003,あなたの方からぶつかってきておいて……<br>ずいぶん慌てているように見えましたけれど？,"你撞到我们之后……<br>
我看你当时十分慌张欸？"
0101Adv27_Hanna004,お話になりませんわね。<br>ふん、行きましょう、エマさん。,"看来和她是讲不通了。<br>
哼，艾玛，我们走。"
0101Adv28_Hanna001,別にってあなた、<br>人が１人死んでるのに、その態度はないんじゃないかしら。,"什么叫“你管我”，<br>
现在可是死了人欸？你这是什么态度。"
0101Adv29_Hanna001,どうしましたの？<br>あなたがため息なんて。,"你怎么了？<br>
天不怕地不怕的雪莉竟然会叹气。"
0101Adv29_Hanna002,ここにある掃除ロッカー、<br>開きっぱなしになっていますわ。,"这边的清扫工具柜<br>
没有关上欸。"
0101Adv29_Hanna003,たしかにここは埃っぽいですけれど、<br>掃除をする心の余裕はもてませんわね。,"虽然这里确实到处都是灰尘，<br>
可大家也不至于有心情打扫吧。"
0101Adv31_Hanna001,さすがに食欲はないですわ。,发生了这种事，实在是没食欲。
0101Adv31_Hanna002,あの、あまり想像させないでくれませんこと？<br>これから何も喉を通らなくなりそう。,"我说，可不可以不要勾起别人的想像？<br>
你害我以后都吃不下饭了欸。"
0101Adv31_Hanna003,【バルーン】に恨みを抱いていた人物…？<br>ありえますわね。<br>有名人はどこで恨みを買うかわからないもの。,"难道是对【气球】有怨恨的人物……？<br>
有可能欸。<br>
毕竟是名人，在什么地方招惹了别人也说不定。"
0101Adv31_Hanna004,うぅ……。,呜……
0101Adv31_Hanna005,わたくし、実は浮ける時間は<br>１分程度ですの。,"我想说，我可以飘在半空中的时间，<br>
其实只有1分钟左右。"
0101Adv31_Hanna006,ぜんぜん良い情報じゃねーですわ……<br>で、できれば言いたくねーですわ。,"完全说不上有益好吗……<br>
本、本来我就很不愿意说这件事。"
0101Adv31_Hanna007,あなたわざと言っているでしょう！？,你是故意说来气我的对吧！？
0101Adv31_Hanna008,げっ,呃。
0101Adv31_Hanna009,ううううぅ……もう断食するしかありませんわ……<br>でも飢え死には嫌ですわぁぁ～。,"呜呜呜呜呜……看来我只能绝食了……<br>
可是我也不想当饿死鬼哇啊啊～"
0101Adv32_Hanna001,ちょっとあなた、<br>みんなが必死に調査してる時に何を遊んでいますの？,"喂，我说你，<br>
这时候大家都在拼命调查，为什么你却在玩手机？"
0101Adv32_Hanna002,コラボしてもらっておいて<br>それはないんじゃないかしら！？,"她都答应跟你联动了，<br>
没必要说得这么过分吧！？"
0101Adv32_Hanna003,あなたお話になりませんわ！ きいぃ！,跟你真是没话好说！哼！
0101Adv34_Hanna001,鐘の音……。,是钟声……
0101Adv35_Hanna001,ひっ……。,噫……
0101Bad02_Hanna001,"> ボイス加工：ドア越しの声
なんなんですのここ……<br>やけに空気が重苦しくありません？","这里是怎么回事……<br>
不觉得空气超级沉重吗？"
0101Bad02_Hanna002,"> ボイス加工：ドア越しの声
どうしましたの？<br>もしや、中に誰かいるとか……！？","怎么啦？<br>
难道里面有人……！？"
0101Bad04_Hanna001,そんなっ！？,怎会这样！？
0101Bad04_Hanna002,"> ボイス加工：ドア越しの声
あうっ！ な、何するんですの！？",呀！你、你干什么！？
0101Bad04_Hanna003,"> ボイス加工：ドア越しの声
痛いっ！ やめてくださいまし！？",好痛！住手呀！？
0101Bad04_Hanna004,"ひうっ！ もう<ruby=""たた"">叩</ruby>かないでくださいまし！？",呜！不要再打我了！？
0101Bad04_Hanna005,な、なんなんですの！？,怎、怎么回事！？
0101Bad04_Hanna006,そうですわ！ わたくしなら大丈夫ですから、<br>バカな真似はおよしなさい！,"对啊！我没事的，<br>
你别做傻事啊！"
0101Bad04_Hanna007,あっ……。,啊……
0101Bad05_Hanna001,無謀ですわ……！,真是乱来……！
0101Bad05_Hanna002,どうするんですのっ！？,现在怎么办！？
0101Bad05_Hanna003,きゃああああっ！？,呀啊啊啊啊！？
0101Bad05_Hanna004,うぅ……。,呜呜……
0101Bad05_Hanna005,わたくしも、とりあえず平気ですわ。<br>それより、ここは一体なんなんですの？,"我也姑且没事。<br>
这个先不提，这里到底是什么地方？"
0101Bad05_Hanna006,なるほど……って、納得してる場合じゃないですわ！<br>どうやってここから出るんですの！？,"原来如此……不对，现在不是讨论这个的时候啦！<br>
我们要怎么出去啊！？"
0101Bad05_Hanna007,こうなったら、わたくしの魔法で<br>脱出してみせますわあああっ……！,"这样的话，就试试靠我的魔法<br>
逃出这里哇啊啊啊……！"
0101Bad05_Hanna008,くそー！ 高すぎて無理ですわ！！,该死的！太高了，我做不到！！
0101Bad05_Hanna009,発想がゴリラ過ぎですわ……。,你的想法也有够像猩猩的……
0101Bad05_Hanna010,ちょっとお待ちなさい。<br>だったらあなたが先に出て、<br>助けを呼んでくることもできるんじゃ……。,"给我等一下。<br>
那你先出去，<br>
再来喊人帮忙不是更好……"
0101Bad05_Hanna011,イヤアアアッ！？,不要啊啊啊！？
0101Bad05_Hanna012,いきなり何するんですの！？ このゴリラ女～！,突然间搞什么啦！？你这个猩猩女～！
0101Bad05_Hanna013,はぁっ！？ 何を言ってるんです！？<br>あなたさっき、自力でのぼれると言ったじゃありませんか！,"哈！？你说什么啊！？<br>
你刚才不是说自己能爬上来吗！"
0101Bad05_Hanna014,ふ……ふざけるんじゃねえですわよ！<br>そんなこと、できるわけないでしょう！,"开……开什么玩笑啊！<br>
我们怎么可能会丢下你不管！"
0101Bad05_Hanna015,……勝手に諦めるんじゃねえですわよ！<br>殺しても死ななそうな顔してるくせに！,"……不许你擅自放弃！<br>
明明你平时就摆出一副打不死的样子！"
0101Bad05_Hanna016,急いでここを出ますわよ！<br>すぐに助けを呼んで戻ってきて……。,"快爬出这里吧！<br>
要尽快找人过来帮忙……"
0101Bad05_Hanna017,ヒーロー気取りのあいつを笑い飛ばしてやりますわ！<br>格好つけたくせに、助かってるじゃないって！,"之后我要狠狠笑话这个自以为是英雄的家伙！<br>
在那里耍帅，结果还是要人救！"
0101Bad05_Hanna018,そん、な……いや……いや……。,怎么、会……不……不……
0101Bad05_Hanna019,置き去りに、したから……<br>わたくしに、もっと力があれば……！,"因为我们，把她丢下了……<br>
如果我有更强大的力量……！"
0101Bad05_Hanna020,だってそうでしょう！？<br>わたくしがもっと自由に空を飛べたら！<br>シェリーさんを助けられたかもしれないのに！！,"我说得不对吗！？<br>
要是我能更自由地飞在空中！<br>
说不定我就能救到雪莉了！！"
0101Bad05_Hanna021,あのときだってそう！！<br>わたくしがもっとしっかりしていれば、<br>置き去りにされたあの子だって死なせずにすんだ！！,"以前也是！！<br>
如果我能更中用，<br>
被丢下的那孩子也就不会死了！！"
0101Bad05_Hanna022,もっともっと、ちゃんとできれば……<br>わたくしが、わたくしのせいで……<br>力が……そう、力があれば……。,"如果我能更加中用……<br>
都怪我，都怪我……<br>
只要有力量……对，只要有力量……"
0101Bad05_Hanna023,うるせえですわ。<br>今は安っぽい慰めなんて聞きたくない。,"你好烦。<br>
我现在不想听这些廉价的安慰。"
0101Bad05_Hanna024,"まったく、ぶっ殺しますわよ。<br>……って、あら？ もう<ruby=""や"">殺</ruby>っちゃってますわね。","真是的，小心我把你杀了。<br>
……哎呀，好像已经杀了。"
0101Bad05_Hanna025,あははははははっ！,啊哈哈哈哈哈哈！
0101Bad05_Hanna026,エマさん……なんででしょうね？<br>なんだか、わたくし……<br>殺したくて殺したくて、しかたがないんです。,"艾玛……为什么呢？<br>
总感觉我……<br>
突然好想杀人，想得不得了。"
0101Bad05_Hanna027,ねえ、エマさん。空を飛んでみたくはありません？,我说，艾玛，你想不想试试飞上天空呀？
0101Bad05_Hanna028,あははは！ いい眺めですわ。<br>この高さから落としたら、人間ってどうなるんでしょう。<br>潰れたトマトみてえになるのかしら？,"啊哈哈哈！风景真好啊。<br>
要是人从这个高度掉下来，会变成什么样呢。<br>
会跟打扁的番茄一样吗？"
0101Bad05_Hanna029,うーん……どうしようかしら。,嗯……该怎么办呢。
0101Bad05_Hanna030,……なんだか必死で惨めだから、嫌ですわ。,……因为你看起来很拼命又可怜，所以我不想答应你。
0101Bad06_Hanna001,このシチュー、お肉ホロホロで、<br>うんめえ～ですわ！,"浓汤里面的肉松松软软的，<br>
好好吃～！"
0101Bad07_Hanna001,どこがですの！？<br>むしろ暴力沙汰を起こしてますけれど！？,"哪里结束了！？<br>
现在是你挑起了暴力事件好吗！？"
0101Bad07_Hanna002,ちょ、ちょっとエマさん！<br>あなたのせいで余計まずい状況になっちゃいましたわよ！？,"我、我说艾玛！<br>
都怪你，现在情况变得更糟糕了欸！？"
0101Bad07_Hanna003,さあ、そんなのわかりませんわ……。,呵，谁知道呢……
0101Bad07_Hanna004,……シェリーさんはどうしたんですの？,……雪莉她情况怎么了？
0101Bad07_Hanna005,どいつもこいつも、いい加減にしやがれですわ！<br>あなたたち全員の責任でしょう！！,"你们这帮人，说够了没！<br>
你们所有人都有责任吧！！"
0101Bad07_Hanna006,今は話しかけないでくださいまし……。,现在请不要和我说话……
0101Bad08_Hanna001,……べっつに？ ぜんぜん平気ですわよ。<br>で、ここに何か手がかりはあったんですの？,"……没事哦？一点都没事。<br>
所以，你们有找到什么线索吗？"
0101Bad08_Hanna002,わたくしも、まったく。,我也是，完全没感觉。
0101Bad08_Hanna003,げっ！？ もしそうだとしたら最低ですわっ！,呃！？如果是真的话，那也太差劲了！
0101Bad08_Hanna004,今の音、なんですの？,刚刚的声音是什么？
0101Bad08_Hanna005,そこ、スマホが落ちてますわ。,那里好像掉了手机欸。
0101Bad08_Hanna006,それ、エマさんのなんですの？,那是艾玛的手机吗？
0101Bad08_Hanna007,というか、エマさんはどこに消えたんですの！？,说来，艾玛到底跑哪里去了啊！？
0101Bad08_Hanna008,あら、エマさん？<br>もう、どこに消えてたんですの？,"哎呀，艾玛？<br>
真是的，你跑哪里去了？"
0101Bad08_Hanna009,そうですわね。<br>ここにはもう、何もなさそうですし。,"嗯。<br>
这里也没什么值得调查的地方了。"
0101Trial01_Hanna001,現場にあった赤い塗料には、<br>使われた形跡がありませんでしたわ？,"放在现场的红色颜料<br>
也没有使用过的痕迹哦？"
0101Trial01_Hanna002,あの量でやったら酸欠で死んじまいますわー！？,要画这么大一幅画，岂不是要吹到缺氧憋死！？
0101Trial02_Hanna001,死体現場に描かれていたのとそっくりですわ！,和尸体目击现场画的长得一模一样！
0101Trial03_Hanna001,心の調子を<br>崩してしまっていたなら……<br>ありえないとも<br>言い切れませんわ……。,"如果她的内心<br>
已经崩溃了……<br>
很难说<br>
一切完全没可能……"
0101Trial03_Hanna002,それはどうしてですの？,这是为什么呢？
0101Trial03_Hanna003,そ、そんな……！<br>嘘ですわっ！？,"怎、怎么会……！<br>
不是真的吧！？"
0101Trial04_Hanna001,部屋に転がってた矢……<br>ですわね？<br>これを胸に刺されて<br>ノアさんは<br>死んだんですわよね……？,"你是说……<br>
掉落在房间里的箭矢？<br>
诺亚应该就是<br>
被这支箭刺中胸口<br>
死掉的，对吧……？"
0101Trial04_Hanna002,別に今それを追求する場面では<br>ないと思いますわ……？,"我倒不认为现在有必要<br>
深究这一点欸……？"
0101Trial04_Hanna003,吹き矢って……<br>その発想、あなた秘境の先住民か何かですの～？,"亏你想得到吹箭……<br>
难道你是什么密境原住民吗～？"
0101Trial04_Hanna004,ぴっ……！？,噫……！？
0101Trial04_Hanna005,ボウガンを盗んだ人は誰なんですの！？<br>さっさと出てきやがりなさいませ～！,"偷了弩枪的究竟是谁啊！？<br>
快站出来认罪啊～！"
0101Trial04_Hanna006,で、でも、どっちにしろボウガンを盗んだなら<br>怪しいに決まってますわ！<br>こいつが犯人ですわ～～！,"可、可是，不管怎么说，<br>
你偷了弩枪肯定会被怀疑啊！<br>
凶手就是你～～！"
0101Trial05_Hanna001,そんなことありませんでしたわ！<br>みんなで確認しにいったじゃありませんか！,"不可能啊！<br>
我们那时不是才一起去确认了吗！"
0101Trial05_Hanna002,……それがなんの証明になるんですの？,……那东西能证明什么？
0101Trial05_Hanna003,わ、わたくしはやってませんわー！？,可、可不是我干的——！？
0101Trial05_Hanna004,そ……それは……！,才……才不对……！
0101Trial05_Hanna005,……ちょちょちょ、ちょっと待ちやがりなさい！？<br>あなたたち、何を言ってるんですの！？,"……喂喂喂，给我等一下好吗！？<br>
你们到底是什么意思！？"
0101Trial05_Hanna006,あ、あ、ありますぅぅ！<br>わ、わたくし、人殺しなんてしてませんわ！？,"当、当、当然要反驳！<br>
我、我才没有，杀人呢！？"
0101Trial05_Hanna007,で、でもぉ～……！,可、可是～……！
0101Trial05_Hanna008,わ、わたくしやっておりませんわっ！！<br>だからバリバリ不都合だらけになるはずですわ！？<br>信じてください～！,"我、我才没有杀人啦！！<br>
所以有很多事都讲不通才对啦！？<br>
请相信我吧～！"
0101Trial05_Hanna009,……うぅぅぅ～～！,……呜呜呜呜～～！
0101Trial06_Hanna001,違いますぅ！<br>わたくし<br>何もやってねーですわ～！,"不对啦！<br>
我什么<br>
都没干啦～！"
0101Trial06_Hanna002,――さ……些細だとしても、<br>【一切痕跡がなかった】は嘘ですわ！<br>間違った話で人を犯人扱いしないでくださいまし！？,"——细……细枝末节怎么了，<br>
证明你说的【没有任何痕迹】就是不对！<br>
请不要用错误的主张冤枉好人，好吗！？"
0101Trial07_Hanna001,えーと……ということはつまり、<br>どういうことなんですの？,"呃……那究竟<br>
说明了什么呢？"
0101Trial07_Hanna002,わたくしとメルルさんも、部屋で配信を見ていましたわー！,我和梅露露一起在房间里看了直播！
0101Trial07_Hanna003,……あのとき、ひとりになった人はいなかったと思いますわ。<br>わたくし、なんとか止めたくて皆さんの様子を見ていましたし。,"……我觉得那时应该没有人落单。<br>
那时我也想劝架，在旁边观察着大家的情况。"
0101Trial07_Hanna004,……あ、あら？ ならそのときも、<br>大半の人にアリバイがあるということですわね……？<br>なら誰が……。,"……啊、啊呀？这么说，当时有<br>
一大半的人都有不在场证明欸……？<br>
究竟还有谁可以行凶……"
0101Trial08_Hanna001,だから！ わたくしじゃねーですわ！,我就说了！不是我杀的！
0101Trial09_Hanna001,どうしても<br>わたくしを犯人扱い<br>したいようですわねっ！？<br>空中以外からも、<br>刺す方法はあったんじゃ<br>ないですこと！？,"为什么<br>
非要把我<br>
当成凶手啊！？<br>
除了飞在天上，<br>
还有其他方法<br>
可以刺杀吧！？"
0101Trial09_Hanna002,真面目にやってくださいまし！！,拜托你认真一点好吗！！
0101Trial09_Hanna003,今は冗談言ってる場合じゃありませんわ！<br>茶化さないでくださいまし！<br>私が疑われてる所なんですわよ！？,"现在不是开玩笑的时候好吗！<br>
能不能不要再搞笑了！<br>
现在我可是在被人怀疑哦！？"
0101Trial09_Hanna004,――怒りますわよ！？,——我可要生气咯！？
0101Trial09_Hanna005,つまりどういうことですの？,所以究竟是怎么一回事？
0101Trial09_Hanna006,……それがなんの根拠になるんですの？,……那样东西算得上根据吗？
0101Trial09_Hanna007,なりません！<br>きちんと考えてくださいまし！,"算不上啊！<br>
你认真点想好吗！"
0101Trial09_Hanna008,それって……ホウキ……ですの？,那是……扫帚？
0101Trial09_Hanna009,矢を先端にくくりつけた……。<br>それって……。,"把箭绑在顶端上……<br>
那就是说……"
0101Trial09_Hanna010,適当なこと言ってごまかさないで欲しいですわ！！,拜托你不要随口乱说在那捣乱了好吗！！
0101Trial09_Hanna011,たしかに……！<br>私たちの中で長い物を持っているのは<br>レイアさんかナノカさんぐらいですわね……！,"真的欸……！<br>
所有人里面拿着长长的东西的，<br>
也只有蕾雅和奈叶香了……！"
0101Trial10_Hanna001,それはたしかに<br>そうかもしれませんけど……！<br>でもそもそもアリバイが――！,"或许是这样没错啦……！<br>
可是你明明没有<br>
不在场证明——！"
0101Trial10_Hanna002,それあなたが<br>言うんですの！？<br>わたくしのこと<br>散々疑ったくせにー！,"你有什么资格<br>
说这句话！？<br>
明明就是你一直<br>
在那里怀疑我～！"
0101Trial10_Hanna003,たしかに……偶然とは思えませんわ～！,确实……我不觉得这是偶然欸～！
0101Trial10_Hanna004,首を……！？<br>それって……ノアさんの……！？,"勒住脖子……！？<br>
那是……诺亚的脖子……！？"
0101Trial10_Hanna005,しっかりしてくださいまし！！,你认真一点好吗！！
0101Trial10_Hanna006,矢を……ホウキにですわね！,把箭……绑在了扫帚上，对不对！
0101Trial10_Hanna007,たしかにそれなら辻褄は合いますわ……！,这么想确实说得通……！
0101Trial10_Hanna008,――わたくしは犯人じゃないということですわ！,——说明我不是凶手！
0101Trial10_Hanna009,な、何って言われましても……。,你、你问我我问谁啊……
0101Trial11_Hanna001,イチャイチャするなら<br>他でやって欲しいですわっ！？,"想找人亲热的话<br>
能不能换另一个人亲热哇！？"
0101Trial11_Hanna002,た、たしかにみんなの魔法は自己申告ですし<br>嘘をつくことはできると思いますけど……！,"确、确实，大家的魔法都是自报的，<br>
我觉得确实有说谎的空间……！"
0101Trial12_Hanna001,あまりにも<br>遠い効果の魔法だと、<br>取り繕うのが<br>大変そうですわ……。,"如果魔法的效果<br>
相差得太远，<br>
要掩饰这件事<br>
就太麻烦了……"
0101Trial12_Hanna002,"た、たしかに<br><link=""Objection_01_01_12_01"">目を離せなくなったり</link>、<br><link=""Objection_01_01_12_02"">ドキドキしてしまう</link>ことが<br>ありますわ……！<br>見つめていると<br><link=""Objection_01_01_12_03"">顔も熱く</link>なって……。","确、确实有过<br>
<link=""Objection_01_01_12_01"">无法移开视线</link>，<br>
<link=""Objection_01_01_12_02"">心怦怦直跳</link>的情况……！<br>
盯着看的话<br>
<link=""Objection_01_01_12_03"">脸也会发烫</link>……<br>"
0101Trial12_Hanna003,これは魅了の魔法に<br>違いありませんわ～！！,"这百分百就是<br>
魅惑的魔法～！！"
0101Trial12_Hanna004,たしかにそれなら、このドキドキも納得できますわー！,这样的话，我的莫名心跳确实讲得通！
0101Trial12_Hanna005,たしかに！<br>そうでも考えないと、<br>このドキドキは納得できませんわー！,"还真是！<br>
不然的话，<br>
要怎么解释我的心跳才好～！"
0101Trial12_Hanna006,それはそうですけど……<br>それって事件になにか関係あるんですの？,"这倒没错啦……<br>
可是这和案件有什么关系呢？"
0101Trial12_Hanna007,じゃ、じゃあ……<br>レイアさんを見てるとドキドキするから<br>目が離せなくなるんじゃなくて……。,"那、那么……<br>
其实不是因为看着蕾雅才会心怦怦跳，<br>
无法移开视线……"
0101Trial12_Hanna008,そ、それは……！,这、这……！
0101Trial12_Hanna009,――徹底的に議論してやりますわ～！！,——来彻底讨论一番吧～！！
0101Trial13_Hanna001,そ、その血が実は<br>犯人のものだったり<br>するんじゃねーんですわ！？<br>ありがちな展開ですわー！,"有、有没可能<br>
上面的血其实是<br>
凶手的血！？<br>
感觉是很常见的剧情欸～！"
0101Trial13_Hanna002,事件の直前になくなった上に、<br>塗料も血もついているんですのよ！？<br>逆になんで関係ないと思うんですの！？,"不单是事发不久前就不见了，<br>
而且还沾了颜料和血欸！？<br>
我倒想问你为什么会觉得没关系啊！？"
0101Trial13_Hanna003,破廉恥ですわー！！ 変態！,太不知羞耻了！！变态！
0101Trial13_Hanna004,ちょ、ちょっと待ちやがれですわ！<br>これまでの推理では現場で槍みたいな物が<br>作られたって話でしたでしょう！？,"且、且慢！<br>
我们不是一直以来推理说<br>
现场制作了长枪吗！？"
0101Trial13_Hanna005,……見る限り、いつもと違う格好をした人は<br>いないように見えますわね。,"……目前看来，好像没有人身上穿的<br>
和平时不一样呢。"
0101Trial13_Hanna006,ど、どういうことですの！,究、究竟是怎么一回事！
0101Trial13_Hanna007,ありましたわねぇそんなの。<br>それがどうかしました？,"是啊。<br>
那怎么了？"
0101Trial13_Hanna008,それが【塗料を拭き取っていない】証拠になる意味が<br>わかりませんわー？,"我理解不了这个<br>
怎么证明【没有沾上颜料】欸？"
0101Trial13_Hanna009,それは……たしかにそうかもしれませんわ……。,这个……也许是这样没错……
0101Trial14_Hanna001,……犯人だとしても、教えてくれるわけありませんわ！！<br>エマさん、そんなこと子供でもわかりますわよ！？,"……她要是凶手，就更不可能告诉你了！！<br>
艾玛，这可是小朋友都知道的道理欸！？"
0101Trial14_Hanna002,……わたくしぃ！？<br>なんでですのー！？,"……我吗！？<br>
为什么——！？"
0101Trial14_Hanna003,エマさんまでわたくしで遊ばないでくださいましー！,连你也要捉弄我，真是受够了——！
0101Trial14_Hanna004,白い……！,白色的……！
0101Trial14_Hanna005,そ、それじゃあ……<br>本当に……あなたが……！？,"那、那……<br>
真是……你杀的……！？"
0102Adv01_Hanna001,ちょ、ちょ、ちょっとお待ちなさい！<br>何故あなたはそんなこと知っていやがるんですの！？,"等、等、等一等！<br>
为什么你会知道有幕后黑手！？"
0102Adv01_Hanna002,そっちの方がよっぽど怪しいですわよ！,反倒是你更加可疑！
0102Adv01_Hanna003,入れ替わりの魔法って……<br>そ、そ、そんな、マジですの……？,"交换身体的魔法……<br>
这、这是真的吗……？"
0102Adv01_Hanna004,こ、これ地震ですの！？,是、是地震了吗！？
0102Adv02_Hanna001,そんなお寒い行動よく思いつきますわね。,亏你能想到这么尴尬的仪式。
0102Adv02_Hanna002,みなさん、やる気あるんですの！？,你们啊，究竟有没有干劲啊！？
0102Adv02_Hanna003,きいぃ！ ままなりませんわ！,可恶！总是事不如愿！
0102Adv03_Hanna001,そういえば、マーゴさんの部屋は<br>目隠しされていますわね。,"说起来，玛格的房间<br>
一直是被围挡住的。"
0102Adv03_Hanna002,ど、ど、どういうことでやがりますの！？,这、这、这是怎么一回事！？
0102Adv03_Hanna003,えっ！？<br>監視カメラが設置されていますの！？,"什么！？<br>
这里设置了监控摄像头吗！？"
0102Adv03_Hanna004,お、恐ろしい目に遭いましたわ……<br>お金がないなら、体で支払えだなんて……。,"刚、刚才真是太可怕了……<br>
她居然说没有钱就用身体来支付……"
0102Adv03_Hanna005,もうすぐ自由時間終わってしまいますわよ！？,放风时间马上要结束了哦！？
0102Adv03_Hanna006,なんのことですの？,你的意思是？
0102Adv03_Hanna007,そんな……あんな銃を持っていたら<br>ひとたまりもありませんわ……。,"怎么会这样……她还带着那么吓人的枪，<br>
谁能抵抗得了她……"
0102Adv04_Hanna001,あっ、あなた乱暴に扱わないでくださいまし！？<br>本が破壊されてしまいますわ！？,"可、可以请你不要那样粗暴地翻阅吗！？<br>
书都要被你弄坏了哦！？"
0102Adv04_Hanna002,この本の情報が正しければ……<br>わたくしの魔法は強くなったら<br>もっと上空を飛べますわ！,"如果这本书的内容没错的话……<br>
那我的魔法变强以后<br>
就可以飞得更高了！"
0102Adv04_Hanna003,ぐ、そ、そうでしたわ……。<br>【なれはて】にはなりたくありませんわ……。,"呃，说、说得也对……<br>
我可不想变成【残骸】……"
0102Adv04_Hanna004,ふんっ、人の能力を嘲笑うなんて<br>あなたは相当すごい魔法の持ち主なのかしら？,"哼，竟敢嘲笑别人的能力，<br>
想必你的魔法一定很了不得吧？"
0102Adv04_Hanna005,せ、千里眼ですって……？<br>わたくしたちのこと常に監視を……？,"千、千里眼……？<br>
莫非你一直在监视我们……？"
0102Adv04_Hanna006,なんだ……良かった～。<br>おっ、驚かさないでくれるかしら。,"这样啊……那就好～<br>
请、请你不要吓我们好吗。"
0102Adv04_Hanna007,それは、みんな同じ気持ちですわよ……！,可大家也都是这么想的呀……！
0102Adv09_Hanna001,なんで来やがるんですの！！<br>立ち入り禁止って言ったじゃありませんの！,"你来做什么！！<br>
我不是叮嘱过不准进来吗！"
0102Adv09_Hanna002,ひぃぃいい！<br>引っ張りやがりましたわコイツー！！,"呀——！<br>
你这家伙竟敢直接上手拽！！"
0102Adv09_Hanna003,……今わたくし決めましたわ。<br>こいつを殺す！！,"……现在我决定了。<br>
我要把这家伙宰了！！"
0102Adv09_Hanna004,構いませんわ！ 絶対殺しますわー！,无所谓了！我一定要杀了你！
0102Adv14_Hanna001,あの、ひとついいかしら？,不好意思，我可以提一个问题吗？
0102Adv14_Hanna002,そこまで大きなものは作れなかったから<br>全員は乗れませんわよ？ そこはどうしますの？,"因为我们的热气球做得不是很大，<br>
没法一次载我们所有人走。这点该怎么解决？"
0102Adv16_Hanna001,と、とにかく、来てちょうだい！,总、总之，你先过来！
0102Adv16_Hanna002,わたくしたちが頑張って作ったものが……<br>こんなのってないですわ……。,"我们努力做出来的……<br>
可不是这样的东西……"
0102Adv16_Hanna003,ひどいですわ！<br>一体どうしてそんなことを！？,"太过分了！<br>
你究竟为什么要这么做！？"
0102Adv16_Hanna004,簡単に言わないでちょうだい。<br>わたくしがどれだけ苦労したか……。,"请不要把话说得那么轻松。<br>
你知道我这段时间有多辛苦吗……"
0102Adv16_Hanna005,……でも、エマさんの言うとおりね。<br>わたくしだって諦めたくない。,"……不过，艾玛说得没错。<br>
我也不想放弃。"
0102Adv16_Hanna006,壊されたなら、作り直せばいい。<br>何度だって付き合ってやりますわよ。ふん。,"热气球被毁掉了，重新做一个就好。<br>
无论做多少次我都奉陪到底，哼。"
0102Adv17_Hanna001,エマさん……ッ、シェリーさん……ッ。,艾玛……雪莉……
0102Adv17_Hanna002,す、すぐに来てくださいまし……！,请、请你们马上过来……！
0102Adv18_Hanna001,本当ですわ。わたくしたちは、見てきましたの。,是真的，我们亲眼看到了。
0102Adv18_Hanna002,わたくしはそんなことで人殺しなんてしませんわ！,我才不会因为这点事情杀人！
0102Adv18_Hanna003,わたくしたちがそんな卑怯なことをするとでも！？,你竟然认为我们会做那种卑鄙无耻之事！？
0102Adv25_Hanna001,あ、ああエマさん。<br>外に出られないかどうか確かめていたんですの。,"啊，是艾玛啊。<br>
我刚刚在调查有没办法外出。"
0102Adv25_Hanna002,もしかして外から殺人犯が侵入したかもしれない、<br>と思って……。,"我觉得，<br>
凶手有可能是从外面进来的……"
0102Adv25_Hanna003,正面玄関は鍵がかかってましたわ。,正门是锁着的。
0102Adv25_Hanna004,そうそう、後はこれを見つけましたの。,对了，我还找到了这个。
0102Adv25_Hanna005,掃除ロッカーに入っていましたの。<br>定期的に入れ替えられるみたいですわね。,"这是放在清扫工具柜里面的。<br>
好像是会定期更换。"
0102Adv25_Hanna006,犯人はこれで穴を掘って、<br>ミリアさんの懲罰房に侵入したのかもしれませんわ！,"凶手可能就是用它挖洞<br>
潜入了米莉亚的惩罚室！"
0102Adv25_Hanna007,そうでしたわね……。,那倒也是……
0102Adv27_Hanna001,人形劇でもするつもりですの？,这是要上演人偶剧吗？
0102Adv27_Hanna002,そうよ。エマさんは何も悪くありませんわ！,是啊。艾玛你没有任何错！
0102Adv27_Hanna003,そうよ、一体なんでですの！？<br>エマさんはみんなを脱出させるって<br>誰より頑張っていたじゃありませんの！,"是啊，究竟是为什么！？<br>
为了让大家逃出这里，<br>
艾玛比任何人都要努力不是吗！"
0102Adv27_Hanna004,そうですわ！<br>誰かにエマさんを殺せと命じることだって……。,"是啊！<br>
说不定她会命令谁去杀你……"
0102Bad01_Hanna001,なんだか、うさんくさい雰囲気が満載ですわね……。,总感觉非常地可疑呢……
0102Bad01_Hanna002,ちょっ、ちょっとエマさん！<br>やっぱりやめといた方がいいんじゃありません！？,"等、等等艾玛！<br>
还是别占卜比较好吧！？"
0102Bad01_Hanna003,嫌な内容しか想像できませんわね。,只能让人联想到不好的事情。
0102Bad01_Hanna004,エマさんも、占いを気にしてますの？,艾玛，你也在想那个占卜结果吗？
0102Bad01_Hanna005,過去や現在の占いが当たっているように<br>感じてしまうと、やっぱり……。,"我觉得过去和现在都占卜得很准，<br>
所以……"
0102Bad01_Hanna006,ばーな……なんですの……？,巴纳……那是什么……？
0102Bad01_Hanna007,はぁ～、お気楽女ですわねぇ……。,唉～真是个头脑简单的女人……
0102Bad01_Hanna008,占いがあいつの魔法って可能性もあるでしょう？<br>あのカードで占った内容は、必ず現実になるとか！,"也许她的魔法就是占卜呢？<br>
比如说她用塔罗牌占卜的结果一定会实现！"
0102Bad01_Hanna009,まさかそれ、すんなり信じてるんですの！？,你们该不会就这么信了吧！？
0102Bad01_Hanna010,とんだお人よしですわね……<br>いえ、もしかして、嘘を信じさせる魔法……？,"你们是有多善良啊……<br>
不对，难道她的魔法是让人相信谎言……？"
0102Bad01_Hanna011,だけど可能性はありますでしょう！？,但是可能性还是有的吧！？
0102Bad01_Hanna012,だって、銃を持っていたじゃありませんか！,谁让她手里有枪呀！
0102Bad01_Hanna013,きっと、こちらを殺そうと狙っていたに違いないですわ！<br>だから、わたくしが先に……！！,"她一定在计划杀害我！<br>
所以，我就先……！！"
0102Trial00_Hanna001,……またこんなことするんですの……！？<br>疑い合うなんて、もうたくさんですわ……！,"……又要来什么审判……！？<br>
我已经受够互相猜疑了……！"
0102Trial00_Hanna002,そ、それはっ……。,这、这……
0102Trial00_Hanna003,"> ＠備考◆だだをこねる
べつに真犯人が見つからないことを<br>心配しているわけではなくてぇ……！<br>そもそもこんなやり方が……！","我不是在担心<br>
找不找得到真凶……！<br>
我是说这样子的审判根本就……！"
0102Trial00_Hanna004,う……。,呜……
0102Trial01_Hanna001,死体を発見したのは、<br>わたくしとココさんですわ！<br>【２１時】頃だったと<br>思いますわ！,"发现尸体的是<br>
我和可可！<br>
时间应该是<br>
【晚上9点】左右！"
0102Trial01_Hanna002,ラウンジに……<br>怪しい張り紙が<br>あったんですわ！,"会客厅里……<br>
贴了张<br>
奇怪的便条！"
0102Trial01_Hanna003,それには<br>【懲罰房で拷問が行われる】……<br>みたいな事が書いてあって……！,"上面好像写着<br>
【将在惩罚室进行拷问】……<br>
总之就是这样子的话……！"
0102Trial01_Hanna004,きっとココさんも、<br>それが気になって<br>しまったんですわ！,"可可一定也是<br>
注意到了<br>
那张便条！"
0102Trial01_Hanna005,いくらミリアさんが<br>みんなの邪魔を<br>した人だからって、<br>拷問だなんて<br>許せませんわ！,"就算米莉亚<br>
扰乱了<br>
大家的计划，<br>
那也不应该<br>
拷问她呀！"
0102Trial01_Hanna006,"それでわたくし達は<br><link=""Objection_01_02_01_01"">メモに書かれていた通り</link>、<br>懲罰房に行ったんですわ！","所以我们就<br>
<link=""Objection_01_02_01_01"">按照便条上所写的内容</link>，<br>
去了惩罚室！"
0102Trial01_Hanna007,"ココさんとはそのとき<br><link=""Objection_01_02_01_02"">偶然</link>出会っただけで……！<br><link=""Objection_01_02_01_03"">何もやましい事</link>は<br>ありませんわ～！","我和可可<br>
那时只是<br>
<link=""Objection_01_02_01_02"">碰巧</link>遇到了而已……！<br>
<link=""Objection_01_02_01_03"">我可没做什么亏心事</link>～！"
0102Trial01_Hanna008,言いがかりですわー！？,你是在挑事吗！？
0102Trial01_Hanna009,ともかくその後……<br>ココさんが懲罰房の扉の<br>覗き窓から中を<br>覗いたんですわ！,"不管怎样，那之后……<br>
可可从惩罚室门上的<br>
小窗偷偷看了<br>
里面一眼！"
0102Trial01_Hanna010,緊急事態だと<br>思いましたし、<br>急いでみんなを<br>呼びに行ったんですわ～！,"这可是紧急事件，<br>
所以我马上<br>
就去叫大家<br>
过来了～！"
0102Trial01_Hanna011,話の腰を折らないでくださいまし！,请不要在人家说到一半的时候打断好吗！
0102Trial01_Hanna012,えっ、ないですわ……！？,欸，没有呀……！？
0102Trial01_Hanna013,あ、ありませんわ！？<br>逆に何が目的ですの！？,"真、真的没有啊！？<br>
倒是你，问这个做什么！？"
0102Trial01_Hanna014,な、何がですのー！？,哪、哪里奇怪！？
0102Trial01_Hanna015,……うう！？,……唔！？
0102Trial01_Hanna016,たしかに文面はうろ覚えでしたわ……！,我确实记不太清具体的文字……！
0102Trial01_Hanna017,そうだったんですのー！？<br>全然そんなこと思いあたりませんでしたわー！？,"是这样吗！？<br>
我怎么一点也没想到！？"
0102Trial01_Hanna018,マジですのー！？,真的假的呀！？
0102Trial01_Hanna019,わたくしのこと、信頼してくれてたんですね……！,原来你这么信任我啊……！
0102Trial01_Hanna020,酷い理由でしたわー！？,这理由也太过分了吧！？
0102Trial01_Hanna021,実は……<br>わたくしが懲罰房に行くのは【２度目】だったんですわ。,"是这样的……<br>
那其实是我【第二次】去惩罚室了。"
0102Trial01_Hanna022,１度目はココさんと出会う前……<br>時間通りに【２０時】に行っていたんです。,"第一次去的时候我还没有遇到可可……<br>
是【晚8点】准时过去的。"
0102Trial01_Hanna023,ちなみにその時は、アンアンさんと一緒でした。,而且，那次是和安安一起去的。
0102Trial01_Hanna024,わたくしは２０時前、<br>ラウンジであの文書を見つけましたわ。<br>でもどうしたらいいか迷ってて……。,"晚上8点之前<br>
我在会客厅发现了那张纸。<br>
但我不知道该怎么办才好……"
0102Trial01_Hanna025,そしたらアンアンさんがやってきたんです！,然后安安就过来了！
0102Trial01_Hanna026,それで事情を話して、<br>【２０時】に２人で一緒に行ったんですの。<br>けれどその時……。,"我对她解释了一下情况，<br>
于是我们两个就在【晚8点】一起过去了。<br>
可就在那时……"
0102Trial01_Hanna027,……懲罰房の中から、<br>【悲鳴】が聞こえてきて……。,"……我们听见惩罚室里<br>
传来了【惨叫声】……"
0102Trial01_Hanna028,ええ。あの時……。,是的，那时……
0102Trial01_Hanna029,それにしてもこの建物はやっぱり<br>薄気味悪いですわね～……。,"话说回来，这栋建筑物阴森森的，<br>
真是叫人浑身发毛啊～……"
0102Trial01_Hanna030,拷問ショーだなんて……<br>悪趣味にもほどがありますわ！,"还说什么拷问秀……<br>
实在是太恶心人了！"
0102Trial01_Hanna031,なんとか止められないものでしょうか……！,就不能想想办法阻止这种行为吗……！
0102Trial01_Hanna032,でも黙って見過ごすわけにも……。,但我也不能就这样坐视不管……
0102Trial01_Hanna033,そうですわね！<br>とにかく行ってみま――。,"你说得对！<br>
总之先去——"
0102Trial01_Hanna034,はわっ！？,哇哇……！
0102Trial01_Hanna035,ちょっとつまずいただけですわ……。,我只是绊了一下……
0102Trial01_Hanna036,……もう！<br>薄暗くて足元が見えにくいですわ！,"……讨厌！<br>
这里光线太差都看不清路了呀！"
0102Trial01_Hanna037,たしかこのスマホ、<br>ライトをつける機能が……。,"我记得这手机<br>
有手电筒功能……"
0102Trial01_Hanna038,あら？ どうやってつけるんでしたっけ……<br>ええっと……？,"哎呀？是怎么打开的来着……<br>
唔……？"
0102Trial01_Hanna039,音声メモ……？<br>これじゃなくて……。,"录音机……？<br>
不对……"
0102Trial01_Hanna040,ぴっ！？,噫！？
0102Trial01_Hanna041,悲鳴でしたわ！？,她在惨叫！？
0102Trial01_Hanna042,そんな……！,怎么会这样……！
0102Trial01_Hanna043,……アンアンさん、顔色が優れませんわ。,……安安，你的脸色不太好。
0102Trial01_Hanna044,……そうしてわたくしたちは恐ろしくなって帰ったんですの。,……然后我们就害怕得回去了。
0102Trial01_Hanna045,そうそう、これがその時に間違って録音した<br>音声メモのデータですわ。,"对了，这是我那时误触屏幕<br>
录下的音频文件。"
0102Trial01_Hanna046,ええ。<br>わたくしたちが医務室に行くと、<br>そこにはメルルさんがいましたわ。,"是的。<br>
我们去了医务室以后，<br>
看到梅露露在里面。"
0102Trial01_Hanna047,……わたくしはその後、<br>やっぱりまたミリアさんのことが<br>気になって戻ったんですわ。,"……之后，<br>
我还是有点担心米莉亚，<br>
就又去了一趟惩罚室。"
0102Trial01_Hanna048,だって、拷問されてるなんて<br>放っておけませんもの……！,"因为她在里面被拷问啊，<br>
我怎么能坐视不管……！"
0102Trial01_Hanna049,せめて外から応援ぐらいは……！,至少也要在外面给她提供点帮助……！
0102Trial01_Hanna050,そんなわけありませんわー！？,我怎么可能有这种爱好！？
0102Trial01_Hanna051,とにかく、気になって<br>もう一度行ったんですの。,"总而言之，我因为担心她<br>
又去了一趟惩罚室。"
0102Trial01_Hanna052,そして行く途中で<br>ココさんに出会ったんですわ。,"然后我就在路上<br>
碰到了可可。"
0102Trial01_Hanna053,何がですの？,什么事？
0102Trial01_Hanna054,メルルさんとアンアンさんは医務室にいたから<br>無理だと思いますわ！,"梅露露和安安一直在医务室，<br>
应该不是她们！"
0102Trial01_Hanna055,わたくしもココさんと会う前に、<br>ココさんが犯行できたかどうかまでは<br>わかりませんわ……。,"我也不知道<br>
可可在遇到我之前<br>
究竟有没有可能作案……"
0102Trial02_Hanna001,ミリアさんじゃ、ない……？,不是米莉亚……？
0102Trial02_Hanna002,もしかしたらマーゴさんの言っていたように<br>最初はお腹を刺しても<br>死ななかったのかもしれませんわ！,"也许正如玛格所说，<br>
一开始捅的是她的腹部，<br>
但怎么也杀不死她！"
0102Trial02_Hanna003,え？ ええっとあのときは……。,欸？呃，那个时候……
0102Trial02_Hanna004,最初にアンアンさんと一緒にミリアさんの悲鳴を聞いたのが<br>【２０時】でしたわ。,"我第一次和安安一起听到米莉亚的惨叫<br>
是在【晚上8点】。"
0102Trial02_Hanna005,その後、医務室にアンアンさんを置いて、<br>【２１時】にもう一度行ったんですの。,"之后，我把安安留在医务室，<br>
【晚上9点】又去了一趟惩罚室。"
0102Trial02_Hanna006,その時、偶然食堂側から出て来た<br>ココさんと一緒になったんです。<br>そして懲罰房に行って２人で覗き窓を覗いたら……。,"在路上，我碰巧遇到了从食堂那边过来的可可，<br>
就和她一起走了。<br>
到了惩罚室以后，我们从小窗往里面一看……"
0102Trial02_Hanna007,ミリアさんが死んでたんですのよ～！<br>だから開けようとしたんですけど、<br>鍵がかかっていて……。,"就看到米莉亚死掉了～！<br>
我们想打开门<br>
却发现门是锁着的……"
0102Trial03_Hanna001,エマさん……？<br>もしや、どうしても自殺と思い込ませたい<br>理由でもありますの……！？,"艾玛……？<br>
难道你是出于什么私心，<br>
想让大家以为是自杀吗……！？"
0102Trial03_Hanna002,腹にも胸にもグッサリ刺しておいて<br>うっかりは……ありえないと思いますわ！,"腹部和胸口都被刺得那么深，<br>
我觉得……不可能是意外！"
0102Trial03_Hanna003,現場をよく見て話してくださいまし！,请你仔细观察一下现场再发言！
0102Trial03_Hanna004,鍵ですわ！！,是钥匙！！
0102Trial04_Hanna001,わたくしたちの事、<br>見てたんですの……！？,"你看到<br>
我们了……！？"
0102Trial04_Hanna002,ですがその前に、わたくしたちも<br>ミリアさんの悲鳴を聞いておりますわ！,"但是在那之前，我们也听见了<br>
米莉亚的惨叫呀！"
0102Trial04_Hanna003,でも盗んだことを証明できるんですの？,可是，要怎么证明是偷来的呢？
0102Trial04_Hanna004,それは……わたくしが見たメモですわね。,这是……我看到的便条吧。
0102Trial04_Hanna005,ええ、そうですわ！<br>間違いなくミリアさんの声でしたわ！,"是啊，没错！<br>
那肯定就是米莉亚的声音！"
0102Trial04_Hanna006,あっ……！,啊……！
0102Trial04_Hanna007,それって……どういう事ですのー！？,这是……怎么回事！？
0102Trial05_Hanna001,そ、そんなの<br>嘘ですわ！？<br>だって……！,"那、<br>
那不可能呀！？<br>
因为……！"
0102Trial05_Hanna002,わたくしと<br>アンアンさんは、<br>２人でミリアさんの声を<br>聞きましたもの！,"我和安安<br>
两个人都听到了<br>
米莉亚的声音！<br>"
0102Trial05_Hanna003,あの時、<br>ミリアさんは<br>【生きていた】んですの！,"那时候，<br>
米莉亚还<br>
【活着】呢！"
0102Trial05_Hanna004,……ですが、わたくしたちが懲罰房についた時には<br>犯人の姿はなかったですわ……？,"……可是，我们到惩罚室的时候<br>
并没有看见凶手啊……？"
0102Trial05_Hanna005,わ、わたくしたちが帰って、<br>ナノカさんが懲罰房につく間に……？,"就、就从我们回去<br>
到奈叶香抵达惩罚室的这短短时间里……？"
0102Trial05_Hanna006,わ、わたくしがどんな嘘をついてるっていうんですの！？！,那、那你倒说说看我说了什么谎！？！
0102Trial05_Hanna007,そ、そんなことありませんわ！？<br>だってわたくしたち、聞きましたもの！,"怎、怎么不可能！？<br>
我们可是听得一清二楚！"
0102Trial05_Hanna008,ここに録音したデータだってありますわ！,录音文件都在这里！
0102Trial06_Hanna001,……たしかにわたくしとアンアンさんが聞いた声は<br>扉越しのもので<br>はっきりと聞こえたわけではありませんわ……。,"……我和安安<br>
是隔着门听到的声音，<br>
确实听得不是很清晰……"
0102Trial06_Hanna002,なので、録音されたものだったとしても<br>すぐには気付けないかもしれません……。,"所以，哪怕真的是播放录音<br>
也很难当场发现……"
0102Trial07_Hanna001,"なら超常現象……<br>誰かの【<link=""Objection_01_02_07_05"">魔法</link>】<br>という可能性は<br>ないんですの？","那超自然现象呢……<br>
有可能<br>
是谁用了<br>
【<link=""Objection_01_02_07_05"">魔法</link>】吗？"
0102Trial07_Hanna002,魔法の使い方によっては、<br>そのようなことも<br>できるんじゃ<br>ありませんこと？,"说不定<br>
有些人的魔法<br>
就能做到<br>
这种事呢？"
0102Trial07_Hanna003,そうですわね……<br>わたくしたちが懲罰房の廊下に<br>到着したタイミングで再生されて――。,"是啊……<br>
就在我们刚到惩罚室的走廊时<br>
它就播放出来了——"
0102Trial07_Hanna004,そもそも、そんな装置は現場から見つかってませんわー？,再说了，现场也没看到那样的装置啊？
0102Trial07_Hanna005,２人とも……適当なこと言い過ぎですわ～～～！,你们两位……说话太不过脑子了～～～！
0102Trial07_Hanna006,エマさんが犯人ですわ！？,艾玛是凶手吗！？
0102Trial07_Hanna007,そ、それが……<br>現場から見つかったスマホに<br>データは残っていませんでしたわ！,"可、可是……<br>
我们在现场找到的手机里<br>
没留下任何数据！"
0102Trial07_Hanna008,着信の履歴も、内部データも……。,不管是通话记录，还是内部数据都没有……
0102Trial07_Hanna009,えっ！？<br>でも確認しましたが、<br>履歴には何も……。,"欸！？<br>
但是我检查过手机了，<br>
没有任何记录……"
0102Trial07_Hanna010,【エマさんとの通話履歴】も存在していませんでしたわ！？,更没有【艾玛的通话记录】呀！？
0102Trial07_Hanna011,そんなこといったって<br>いったいそんなこと誰ができるんですの！？,"就算真是这样，<br>
究竟谁能做得到这种事！？"
0102Trial07_Hanna012,……ナノカさん、どうして……！,……奈叶香，你为什么……！
0102Trial07_Hanna013,何を言ってるんですか、エマさん！,你在说什么呢，艾玛！
0102Trial07_Hanna014,わたくしたちが現場でスマホを手にした時点で、<br>すでにデータは消えていたじゃありませんか！,"我们在现场拿到手机的时候<br>
数据就已经被删掉了不是吗！"
0102Trial08_Hanna001,たしかに……アンアンさんにはアリバイがあったので、<br>まさか容疑者とは思いませんでしたわ。,"的确……因为安安有不在场证明，<br>
我们都没有怀疑过她。"
0102Trial09_Hanna001,けど……<br>スマホのデータが<br>消えていたのは<br>真実ですわ！,"可是……<br>
手机里的数据<br>
没了是事实啊！<br>"
0102Trial09_Hanna002,わたくしをなんだと思っていますの！？,你把我当做什么人了！？
0102Trial09_Hanna003,……まあ、わたくしもアンアンさんがいなかったら、<br>懲罰房を見に行っていたかもしれませんが……。,"……不过如果安安不在话，<br>
也许我真的会去惩罚室看一眼……"
0102Trial09_Hanna004,ど、どうやってですの！？,怎、怎么做！？
0102Trial09_Hanna005,そ、それってもしかして……！,难、难道是……！
0102Trial09_Hanna006,何を言ってるんですの！？<br>私がレイアさんにドキドキしていたなんて……。,"你在胡说些什么！？<br>
我才没有对蕾雅心动……"
0102Trial09_Hanna007,そんなことはありませんわー！,这根本就不可能～！
0102Trial09_Hanna008,ともかく……エマさんの言葉、<br>全身全霊を持って否定させてもらいますわ！,"总而言之……我要倾尽全力<br>
否定艾玛的发言！"
0102Trial09_Hanna009,ハラハラはしましたわね。,我倒是很担心她。
0102Trial09_Hanna010,……アンアンさんの顔色が優れませんでしたから。,……因为安安她那时脸色不太好。
0102Trial09_Hanna011,わたくし、そんなごまかしされてませんわー！？<br>誹謗中傷はやめやがりなさいエマさん！,"我才不会被这种小戏法糊弄过去好吗！？<br>
请你停止诽谤中伤，艾玛！"
0102Trial09_Hanna012,……アンアンさんの顔色が優れませんでしたから。,……因为安安她那时脸色不太好。
0102Trial09_Hanna013,そ、そういえばあの時……！,这、这么一说，那时候……！
0102Trial09_Hanna014,……アンアンさん、顔色が優れませんわ。,……安安，你的脸色不太好。
0102Trial09_Hanna015,たしかに声はかけられましたわ……！,她确实和我说话了……！
0102Trial09_Hanna016,アンアンさんの具合が悪そうでしたので<br>医務室に運びましたけど……。,"我看安安身体不太舒服<br>
就送她去了医务室……"
0102Trial09_Hanna017,もしかしたらあの時、<br>魔法をかけられていたんですの！？,"难道她就是在那时<br>
给我施了魔法！？"
0102Trial10_Hanna001,あの扉、どう見ても自動じゃありませんでしたわー！<br>いい加減にしてくださいまし！,"那扇门怎么看都不是自动门呀！<br>
请你不要再胡闹了！"
0102Trial10_Hanna002,たぶんかかってもいたとは思いますわ！,就算门没开，钥匙应该也是有的！
0102Trial10_Hanna003,【占い】ですわー！！,是【占卜】！！
0102Trial10_Hanna004,か、看守まで……！？<br>この方、話せるんですの！？,"连、连看守都来了……！？<br>
它能说话吗！？"
0102Trial11_Hanna001,なら看守が鍵を置き忘れたとか、<br>盗まれた可能性は万に一つもありませんの？<br>絶対にないことなんですの？,"难道就没有一丝看守把钥匙忘在房间，<br>
或者被偷窃的可能吗？<br>
你就如此肯定？"
0102Trial11_Hanna002,……たしかに……そうかも……。,……好像……是这样……
0102Trial12_Hanna001,されてましたわ！,被绑住了啊！
0102Trial12_Hanna002,意味不明ですわー！！<br>これのどこがどのように証拠になりますの！？,"不懂你什么意思！！<br>
这到底哪里算得上证据！？"
0102Trial12_Hanna003,エマさんに清き一票をー！！,为艾玛投上公正的一票！！
0102Trial12_Hanna004,な、なんでそうなるんですのー！？,为、为什么是我呀！？
0102Trial12_Hanna005,そんなビビリじゃねーですわ！！<br>見くびらないでくださいましー！,"人家才没这么胆小！！<br>
请你不要太看不起人了！"
0102Trial12_Hanna006,その人物が新しい見解を示せるとは思えませんわ？<br>わたくしたちは議論をし尽くしたんですもの！,"我可不觉得她能提出什么新见解哦？<br>
我们都已经彻底讨论完了呀！"
0102Trial13_Hanna001,たとえばどんな関係があるんですの！？,比如说什么关联！？
0102Trial13_Hanna002,エマさん……それは言いがかりだと思いますわ！,艾玛小姐……这样说就有点牵强了！
0102Trial13_Hanna003,アンアンさんにデータの消去は無理ですわ！,安安不可能清除数据！
0102Trial14_Hanna001,ぜ、前提がガラガラと崩れていきますわ～～！？<br>混乱させるようなことを言わねーでくださいまし！！,"前、前提都要站不住脚了哦～～！？<br>
请你不要作出扰乱讨论的发言可以吗！！"
0102Trial14_Hanna002,とっても特徴的ですわー！,特征非常鲜明！
0102Trial14_Hanna003,どうして……<br>アンアンさんから……！,"为什么……<br>
是从安安的手机里……！"
0103Adv01_Hanna001,エマさん、なんのお話ですの？,艾玛，你有什么事要说呢？
0103Adv01_Hanna002,…………。,…………
0103Adv01_Hanna003,まったく……空気読めないヤツはこういう時、<br>ちょっと助かったりしますわね……。,"真是的……不懂看气氛的人在这种时候，<br>
反而让人觉得松了一口气呢……"
0103Adv01_Hanna004,恥ずかしげもなく<br>うすら寒いことを言えるんですもの。,"毕竟能毫不在意地<br>
说出这么肉麻的话呢。"
0103Adv01_Hanna005,わ、わたくしあなたのこと、<br>褒めてますのよ……！？,"我、<br>
我可是在夸你啊……！？"
0103Adv01_Hanna006,誰が言うか！！,谁会说那种话啊！！
0103Adv01_Hanna007,そうですわね。<br>ストレスが強まれば、魔女になってしまいますもの。,"说得对。<br>
压力太大的话，可是会变成魔女的。"
0103Adv01_Hanna008,そ、そうね、悪くない考えだと思いますわ。<br>別に仲良しグループでいたいわけじゃありませんけど。,"也、也是，这想法不错。<br>
虽然我并不是特别想和你们组成什么好朋友小组啦。"
0103Adv01_Hanna009,わたくしたちは、<br>わたくしたちのやり方でいきましょう。,我们就按我们自己的方式来吧。<br>
0103Adv01_Hanna010,でも……遊ぶって何をするのかしら？<br>エマさんにいいアイディアがあるんでしょう？,"不过……玩什么好呢？<br>
艾玛应该有什么好主意吧？"
0103Adv02_Hanna001,朝食を取りにいきましょう……<br>あら、エマさん？,"去吃早餐吧……<br>
咦，艾玛？"
0103Adv02_Hanna002,そんなの気にすんなですわ～！,别在意这种事啦～！
0103Adv09_Hanna001,…………。,…………
0103Adv09_Hanna002,！,！
0103Adv09_Hanna003,あ、あらエマさん！<br>びっくりしましたわ～！,"哎，哎呀艾玛！<br>
吓了我一跳～！"
0103Adv09_Hanna004,なんでもねーですわ！<br>きっ、気にしないでくださいまし！,"什么都没有！<br>
请、请不要在意！"
0103Adv09_Hanna005,べ、別に大したことじゃありませんのよ本当に！<br>危ないことをしているわけでもありません！,"真、真的不是什么大不了的事！<br>
也不是在做什么危险的事！"
0103Adv09_Hanna006,その……エマさんが少しでも<br>元気になるように、プレゼントを作っていますの。,"那个……我是在给艾玛做礼物，<br>
希望能让你开心起来。"
0103Adv09_Hanna007,エマさん、最近寝込んでいましたし、<br>お見舞いにもなるかなと……。,"因为艾玛你最近一直卧床，<br>
我就想给你做些东西，当作是慰问品……"
0103Adv09_Hanna008,騒がなくってもよろしくてよ！？<br>ぜんぜん大したものじゃありませんから！,"不用大惊小怪的啦！？<br>
不是什么很了不起的东西！"
0103Adv09_Hanna009,大したものじゃないんですから、<br>大げさにとらえないでくださいまし！,"真的不是什么特别的东西，<br>
请不要太当回事！"
0103Adv09_Hanna010,わたくし先に行ってますね！,我先过去了！
0103Adv12_Hanna001,常に虹が出てるの不気味ですけど、<br>こういう時はなんだか嬉しくなりますわね。,"虽然总是有彩虹出现很诡异，<br>
但在这种时候反而让人觉得开心呢。"
0103Adv12_Hanna002,友だちって認識で合ってますわよ。,是朋友没错哦。
0103Adv12_Hanna003,それ、意味が違うんじゃないかしら。,呃，这个词好像不是这样解释的啦。
0103Adv12_Hanna004,あら、もう帰るんですの？,哎呀，要回去了吗？
0103Adv12_Hanna005,ほうきで何をするつもりですの？,要用扫帚做什么？
0103Adv12_Hanna006,なっ……。,什么……
0103Adv12_Hanna007,捕まった直後のあのやばい状況下で<br>そんなこと考えてましたのあなた！？,"你在刚被抓来时的那种危险情况下<br>
居然在想这种事！？"
0103Adv12_Hanna008,大げさに言って乗せようとしてません！？,你在故意说得夸张想让我上当吧！？
0103Adv12_Hanna009,あ、あなたも魔女候補でしょう！？<br>あなたがやればいーんじゃねーかしら！？,"你、你不也是预备魔女吗！？<br>
怎么你不自己来！？"
0103Adv12_Hanna010,唯一っていうな！,别说是独一无二！
0103Adv12_Hanna011,う、うぅ……。,唔、唔……
0103Adv12_Hanna012,……わかりましたわよ！<br>やればいいんでしょ、やれば！,"……知道了！<br>
试试就试试吧！"
0103Adv12_Hanna013,くっ……お、おも……。,唔……好、好重……
0103Adv12_Hanna014,魔女になったらダメでしょうが！,不可以变成魔女啊！
0103Adv12_Hanna015,わたくしは楽しくありませんがっ！？,我可一点都不开心哇！？
0103Adv12_Hanna016,バカなの！？,你傻了吗！？
0103Adv12_Hanna017,塀を越えるんだったら、<br>ほうきとあなたを捨てるに決まってるでしょう！？,"要是能飞过围墙的话，<br>
我肯定会把你和扫帚都丢下去！"
0103Adv12_Hanna018,これは魔法のほうきじゃなくて清掃用のほうき！,这只是清洁用的扫帚又不是魔法扫帚！
0103Adv12_Hanna019,ほんと捨ててやりたいですわ～！,真想把你丢下去啊～！
0103Adv12_Hanna020,くっつくなですわ～！ あつくるしい～！,别贴这么近啦～！好热～！
0103Adv12_Hanna021,あなたがそれを言う！？,你还好意思说！？
0103Adv13_Hanna001,ぜぇ、ぜぇ、ぜぇ……。,呼、呼、呼……
0103Adv13_Hanna002,冷たいのでいいですわ……<br>いい運動になりましたわ、まったく。,"凉的就好……<br>
雪莉可真会指导人锻炼身体啊，哼。"
0103Adv13_Hanna003,ちょっと、シェリーさん！<br>そんな聞き方……！,"等等，雪莉！<br>
有你这样问的吗……！"
0103Adv13_Hanna004,それは……そうかもしれないですけど……。,这倒是……没错，但是……
0103Adv13_Hanna005,なんなんですのそれ！？<br>許しがたいですわね……！,"这是怎么回事！？<br>
太过分了……！"
0103Adv13_Hanna006,あなたはありそうですわ。,你这种性格，确实有这种经历也不奇怪。
0103Adv13_Hanna007,えっ、わ、わたくし……？,欸？我、我吗……？
0103Adv13_Hanna008,わたくしは、その……見りゃわかるでしょう！？<br>お、お金持ちの令嬢ですわ！,"我是……那个……看就知道了吧！？<br>
我、我是有钱人家的大小姐！"
0103Adv13_Hanna009,蝶よ花よとちやほや育てられましたの！<br>毎日贅沢三昧！ あの頃が懐かしいですわ！,"被当成掌上明珠宠爱着！<br>
每天过着奢侈的生活！真怀念以前的生活啊！"
0103Adv13_Hanna010,わたくしの話はもういいでしょう！？<br>シェリーさんはどうなんですの！？,"我的事就不用说了吧！？<br>
雪莉你是怎样的？"
0103Adv13_Hanna011,あなたが聞いたからでしょう！<br>いちいち煽らないでくださいまし！,"明明是你先问的！<br>
别总是这样挑衅啊！"
0103Adv13_Hanna012,そんなの見てりゃわかりますわ……。,这种事一看就知道了……
0103Adv13_Hanna013,い、いきなり爆弾を落としますわね……。,突、突然扔下这样的重磅炸弹……
0103Adv13_Hanna014,メルルさん、泣かないでちょうだい……。,梅露露，别哭了……
0103Adv14_Hanna001,エ、エマさん！<br>た、大変ですわ～っ！,"艾、艾玛！<br>
出、出大事了～！"
0103Adv14_Hanna002,シェリーさんです！<br>シェリーさんが暴れているんですわ～！,"是雪莉！<br>
雪莉在闹事～！"
0103Adv14_Hanna003,あのゴリラ女！<br>いつか暴走するんじゃないかと思っていましたわ！,"那个猩猩女！<br>
我就知道她迟早会失控！"
0103Adv14_Hanna004,暴れてどうにかなるなんて、<br>そんなわけありませんのに！,"闹事能解决什么啊，<br>
根本不可能嘛！"
0103Adv14_Hanna005,牢屋敷を壊そうとするなんて、<br>看守に殺されてしまうかも！,"居然想要破坏监牢，<br>
说不定会被看守杀掉的！"
0103Adv14_Hanna006,どーこが頭脳派探偵ですの～！<br>脳みそ筋肉お花畑ですわ～！,"哪里像个头脑派侦探啊～！<br>
脑子里根本全都是肌肉～！"
0103Adv14_Hanna007,な、何を考えていますのっ,你、你到底在想什么！
0103Adv14_Hanna008,だからって、こんな破壊行動したら看守に連行されて<br>懲罰房行きになりますわよ！,"就算这样，<br>
这么闹也会被看守抓去惩罚室的！"
0103Adv14_Hanna009,いやそりゃ、<br>あなたくらいしか破壊行動ができないからでしょうに。,"那是因为<br>
只有你这种人才能做出这种破坏行为吧。"
0103Adv14_Hanna010,あなた、大人しくできませんの！？,你就不能安分一点吗！？
0103Adv14_Hanna011,だからって暴れたところで……。,可是闹事也是……
0103Adv14_Hanna012,わたくしだって……嫌ですわ……。,我也……讨厌这样……
0103Adv14_Hanna013,でも、こんなことしたって、<br>なんにもならないじゃないの……。,"但是，做这种事情，<br>
什么都改变不了啊……"
0103Adv14_Hanna014,あなた、バカよ。<br>本当にバカよ……。,"你这个笨蛋。<br>
真是个笨蛋……"
0103Adv14_Hanna015,脳筋バカ、ノンデリクソ女。,肌肉笨蛋，不识空气的臭女人。
0103Adv14_Hanna016,最悪ですわ！ わたくしそんなことしていませんのに！,太糟糕了！我明明什么都没做！
0103Adv14_Hanna017,まったくシェリーさんはどれだけ迷惑をかけますの！？<br>片づけますわよ！,"雪莉你到底要给我们添多少麻烦啊！？<br>
快来收拾！"
0103Adv15_Hanna001,シェリーさん、声はちっさくですわ！<br>見つかったら大変ですわ～！,"雪莉，小声点！<br>
要是被发现就完蛋了～！"
0103Adv15_Hanna002,シェリーさん、<br>声を落としなさいって言ってますでしょう！？,"雪莉，<br>
不是说了要小声一点吗！？"
0103Adv15_Hanna003,あの塀さえ越えられたら……。,要是能翻过那道墙的话……
0103Adv15_Hanna004,それで、シェリーさんはわたくしたちを<br>どこに連れていくつもりですの？,"话说回来，雪莉，<br>
你到底要带我们去哪里？"
0103Adv15_Hanna005,こんなところがありましたの！？,竟然还有这种地方！？
0103Adv15_Hanna006,それなら、<br>そのうち看守が来るんじゃありませんの……？,"那、<br>
那岂不是随时可能有看守过来……？"
0103Adv15_Hanna007,あのクソまずい料理から解放されるかも……！,终于可以摆脱那些难吃的食物了……！
0103Adv15_Hanna008,きぃぃ。,噫噫噫！
0103Adv15_Hanna009,なんとしても探すのよメルルさん！,一定要找到啊，梅露露！
0103Adv16_Hanna001,エマさん、<br>食事に行きません？,"艾玛，<br>
要一起去用餐吗？"
0103Adv16_Hanna002,エマさん、あなた……！<br>大変、ひどい熱ですわ！,"艾玛，你……！<br>
天啊，发着这么高的烧！"
0103Adv16_Hanna003,やっぱり、良くなってなかったのですね……！<br>無理をしないように、あれほど言いましたのに！,"果然你的病还没有好……！<br>
明明都叫你不要勉强自己了！"
0103Adv16_Hanna004,……っ、大丈夫なわけないでしょう！？<br>それにこの手……。,"……怎么可能没事！？<br>
而且你的手……"
0103Adv16_Hanna005,傷だらけじゃありませんか！<br>一体何をなさっていたの！？,"手上全是伤啊！<br>
你到底在做什么！？"
0103Adv16_Hanna006,どいつもこいつも、<br>なんてバカなの……！<br>わたくしの周り、バカばっかりじゃないの！,"一个个都这么傻……！<br>
我身边怎么都是些笨蛋啊！<br>"
0103Adv16_Hanna007,気をしっかりもってくださいまし、<br>エマさん！,"你要坚持住啊，<br>
艾玛！"
0103Adv16_Hanna008,シェリーさんとメルルさんを呼んできます！,我这就去叫雪莉和梅露露来！
0103Adv27_Hanna001,……わたくし、<br>魔女になりかけているのだと思います。,"……我想，<br>
我已经快要变成魔女了。"
0103Adv27_Hanna002,こんなに魔法が強くなっているなら、<br>もう時間は残されていないでしょうね。,"魔法已经变得这么强了，<br>
恐怕留给我的时间不多了。"
0103Adv27_Hanna003,――ねぇ、シェリーさん。,——我说，雪莉。
0103Adv27_Hanna004,わたくしが魔女になる前に、<br>いっそ殺してくれないかしら。,"在我变成魔女之前，<br>
能请你杀了我吗？"
0103Adv27_Hanna005,ええ、本気に取ってもらわなくてもいいわ。<br>もしもの話よ。,"嗯，你不用当真。<br>
就当是假设好了。"
0103Adv27_Hanna006,でもわたくし、魔女になりたくありませんの。,但我真的不想变成魔女。
0103Adv27_Hanna007,魔女になって、誰かを憎んだり、<br>殺意を抱いたりしたくないんですの。,"我不想变成魔女，<br>
去憎恨他人，心怀杀意。"
0103Adv27_Hanna008,この監獄の決められた流れに、<br>組み込まれたくない。,"我不想心甘情愿地接受<br>
这座监牢为我们编排的既定命运。"
0103Adv27_Hanna009,魔女になるのが避けられないのなら、<br>せめて抗いたい。,"如果躲不开成为魔女的宿命，<br>
至少我想要反抗一下。"
0103Adv27_Hanna010,だからあなたにしか打ち明けていないんじゃないの。,所以我才只告诉你一个人啊。
0103Adv27_Hanna011,だぁっ、違うわよ！<br>完全犯罪を目指すのよ！,"哎，不对啦！<br>
要做就做完美犯罪啊！"
0103Adv27_Hanna012,できるでしょう？ 名探偵のあなたなら。,你一定能做到的吧？你可是名侦探啊。
0103Adv27_Hanna013,もしもの話だけれど、もしも、もしも……<br>その時が来たら。,"虽然只是假设。但是，如果……<br>
如果那一天真的来临的话。"
0103Adv27_Hanna014,約束よ。あなたは絶対に死なないで。,约好了哦，你一定不能死。
0103Adv28_Hanna001,その……エマさんが少しでも<br>元気になるように、プレゼントを作っていますの。,"那个……我是在给艾玛做礼物，<br>
希望能让你开心起来。"
0103Adv28_Hanna002,エマさん、最近寝込んでいましたし、<br>お見舞いにもなるかなと……。,"因为艾玛你最近一直卧床，<br>
我就想给你做些东西，当作是慰问品……"
0103Adv28_Hanna003,騒がなくってもよろしくてよ！？<br>ぜんぜん大したものじゃありませんから！,"不用大惊小怪的啦！？<br>
不是什么很了不起的东西！"
0103Bad02_Hanna001,ちょっ、そんなに抱きついたらっ……<br>苦しいですわ！ 馬鹿力！,"呀，怎么这样抱过来……<br>
喘不过气了！你抱太紧了！"
0103Bad02_Hanna002,これは、揺らしてるんじゃなくて……<br>あなたが重くて……っ,"这不是我在晃……<br>
是你太重了……"
0103Bad02_Hanna003,もう無理……っ！,我已经……撑不住了……！
0103Bad02_Hanna004,楽しいのは……ぜえ、ぜえ……<br>あなただけ……ぜえ、ぜえ……。,"觉得有趣的……呼、呼……<br>
只有你一个人……呼、呼……"
0103Bad02_Hanna005,あなたは……先に戻っても、いいんですのよ！,你……可以先回去的！
0103Bad02_Hanna006,まあ……悪くはないですわね。,嗯……确实不错呢。
0103Bad02_Hanna007,べ、別に……わたくしは来たくて来たわけじゃ……。,我、我可不是……自己想来的……
0103Bad02_Hanna008,……たしかに、悪い気分ではないですけど。,……确实，感觉还不错呢。
0103Bad02_Hanna009,何を言ってるんですの？<br>そんなの無理に決まってますわ。,"你在说什么呀？<br>
那怎么行呢。"
0103Bad02_Hanna010,どうしてって……逃げても、<br>すぐに看守に捕まってしまうでしょう。,"为什么……就算逃跑，<br>
很快就会被看守抓住的吧。"
0103Bad02_Hanna011,捕まらない、ところまで……。,逃到，抓不到的地方……
0103Bad02_Hanna012,……本当に、そう思ってますの？,……你真的，这么认为吗？
0103Bad02_Hanna013,そう、ですわね。,是啊。
0103Bad02_Hanna014,あなただけでは心配ですし……<br>わたくしも、ついて行って差し上げます。,"只有你一个人的话我会担心的……<br>
我也跟你一起去。"
0103Bad02_Hanna015,あ、でも……あの２人は……。,啊，但是……那两个人……
0103Bad02_Hanna016,……いい考えですわね。,……这主意真不错呢。
0103Bad02_Hanna017,それじゃあ、行きますわよ<br>一緒に……。,"那，走吧。<br>
我们一起……"
0105Adv10_Hanna001,その……エマさんが少しでも<br>元気になるように、プレゼントを作っていますの。,"那个……我是在给艾玛做礼物，<br>
希望能让你开心起来。"
0105Adv10_Hanna002,エマさん、最近寝込んでいましたし、<br>お見舞いにもなるかなと……。,"因为艾玛你最近一直卧床，<br>
我就想给你做些东西，当作是慰问品……"
0105Adv10_Hanna003,騒がなくってもよろしくてよ！？<br>ぜんぜん大したものじゃありませんから！,"不用大惊小怪的啦！？<br>
不是什么很了不起的东西！"
0201Adv04_Hanna001,ちょっとあなた、なんでそんなに偉そうなんですの！？<br>一体何様――。,"你这个人怎么回事，怎么能那么自以为是！？<br>
你以为你是谁——"
0201Adv04_Hanna002,……ふんっ、遠野ハンナですわ。<br>お見知りおきあそばっ……お見知りおきあそばせせ？,"……呵，我是远野汉娜。<br>
往后请多多指照……往后请多多关教？"
0201Adv04_Hanna003,最後まで言う必要ねーですわ。<br>もうみんなわかってますし。,"不用说到最后了哇。<br>
大家都已经明白了。"
0201Adv05_Hanna001,ちょっと、何をしていますのあなた……？,喂，你在做什么啊……？
0201Adv05_Hanna002,配信……？ そんな機能もあるんですの？,直播……？还有这种功能吗？
0201Adv05_Hanna003,あなた、誰と話してますの……？,你在和谁说话啊……？
0201Adv05_Hanna004,あてぃし？ 自分で自分に話しかけているってこと？<br>あなたまさかやべーやつなんですの？,"和自己说话？你是在自言自语吗？<br>
你该不会是个疯子吧？"
0201Adv05_Hanna005,？？？,？？？
0201Adv07_Hanna001,これがわたくしの魔法ですわあぁっ,这就是我的魔法哇哇哇～
0201Adv09_Hanna001,わたくしたちが悪かったですわ……！,是我们错了……！
0201Adv09_Hanna002,そっ、そんな怒鳴らないでくださいまし……！<br>わたくしたちだって、こんなことになるなんて……。,"请、请不要这么大声呵斥我们……！<br>
我们也没想到会变成这样……"
0201Adv09_Hanna003,看守があんなに強くて怖いなんて、<br>聞いてねーですわよ……。,"我们可没听说过<br>
看守那么强大，那么可怕呀……"
0201Adv09_Hanna004,す、すごいですけど、<br>これってなんか意味あるんですの……？,"虽、虽然很厉害，<br>
但这有什么意义呢……？"
0201Adv09_Hanna005,そうですの……。,是这样啊……
0201Adv13_Hanna001,出ましたわね。風紀委員……。,纪律委员大驾光临了哇……
0201Adv13_Hanna002,毎日何度も私たちの部屋の見回りまでしておいて、<br>風紀委員じゃなくてなんだって言うんですの……。,"每天巡视好几次我们的房间，<br>
不是纪律委员是什么啊……"
0201Adv13_Hanna003,しっかし、それにしたって……<br>なんでわたくしたちが拉致されなきゃなりませんの？,"不过，即便如此……<br>
为何我们非得被绑架到这里来呢？"
0201Adv13_Hanna004,シンプルに最悪ですわ～……。,太糟糕了哇……
0201Adv13_Hanna005,ちょっと待ってくださいまし。<br>ふたつめは、ありえますの？,"请稍等。<br>
第二种可能性，当真存在吗？"
0201Adv13_Hanna006,魔法が知りたいだけなら<br>わざわざ手間暇かけて<br>こんな場所に監禁までしなくたって……！,"若只是想了解魔法的话<br>
没必要大费周章<br>
将我们囚禁在这种地方吧……！"
0201Adv13_Hanna007,……ヒロさん。<br>あなた、それ、いつ気付いたんですの？,"……希罗。<br>
你是什么时候想到这些的？"
0201Adv13_Hanna008,て、敵には回したくないお方ですわね……。,真、真不想和你敌对呢……
0201Adv17_Hanna001,ここは作業するにはうってつけですわ～！<br>わたくしも使わせてもらいますわね！,"这里真是太适合做手工了～！<br>
也让我用用这里哇！"
0201Adv21_Hanna001,ヒロさんあなた……何してらっしゃいますの？,希罗……你在做什么呢？
0201Adv22_Hanna001,いやあぁぁぁあ！！,不要啊啊啊啊！！
0201Adv23_Hanna001,全員処刑なんてめちゃくちゃですわ……！,全员处决也太荒唐了哇……！
0201Adv26_Hanna001,ううぅ！,呜呜！
0201Bad02_Hanna001,出てきなさいですわー！,快给我出来呀～！
0201Bad02_Hanna002,なんですの！ なんなんですの！？,怎么回事呀！这到底是怎么回事呀！？
0201Bad02_Hanna003,ひっ――！,噫——！
0201Trial00_Hanna001,ひっ……！？<br>さっき触ってしまいましたわー！？,"呀！？<br>
我、我刚才摸到了欸！？"
0201Trial00_Hanna002,さっき洗いましたわー！,我刚才已经洗过了！
0201Trial00_Hanna003,……やっぱり、犯人はヒロさんとしか思えませんわ。,……我还是觉得，凶手只可能是希罗。
0201Trial00_Hanna004,現場に倒れているなんて……<br>怪しすぎるんじゃありませんこと！？,"她倒在了现场……<br>
不觉得很可疑吗！？"
0201Trial01_Hanna001,こちらの部屋から見ても、<br>同じ状況ですわ……！,"从我们房间的视角来看，<br>
情况也是一样的……！"
0201Trial01_Hanna002,"つまり、ヒロさんが<br>メルルさんを<br><link=""Objection_02_01_01_01"">お殺しになって</link>、<br><link=""Objection_02_01_01_02"">すぐに</link>私たちは<br>駆けつけたんですわ～～！","也就是说，<br>
希罗<link=""Objection_02_01_01_01"">杀了梅露露之后</link>，<br>
我们<link=""Objection_02_01_01_02"">立刻</link><br>
就赶来了～～！<br>"
0201Trial01_Hanna003,ゴクチョーも言ってましたし、<br>どう見ても死んでましたわー！,"连典狱长也说她死了，<br>
不管怎么看她都死了！"
0201Trial01_Hanna004,な、なんですの失礼な！？<br>あなた自分の立場がわかっていらっしゃいますの！？,"搞、搞什么，你很没礼貌欸！？<br>
你知道自己现在是什么立场吗！？"
0201Trial01_Hanna005,……あっ！？,……啊！？
0201Trial01_Hanna006,うぐっ……！？,唔唔……！？
0201Trial01_Hanna007,そ、それは……！？,这、这个嘛……！？
0201Trial01_Hanna008,おっしゃる通りですわー！,你说得对！
0201Trial02_Hanna001,下手な言い訳にしか聞こえませんわー！？,在我听来根本就是就是狡辩好吗！？
0201Trial03_Hanna001,じゃあやっぱり……<br>ヒロさんが犯人ですの～！？,"所以说到头来……<br>
凶手还是希罗，对不对～！？"
0201Trial03_Hanna002,たしかに……考えにくいですわー！,确实……难以想像啊！
0201Trial04_Hanna001,わ……わたくしですのー！？,你……你说我吗！？
0201Trial04_Hanna002,……ちょちょちょ、ちょっと待ちやがりなさい！？<br>あなたまで、何を言ってるんですの！？,"……等、等、等、等一下！？<br>
怎么连你也在乱说！？"
0201Trial04_Hanna003,あ、あ、ありますぅぅ！<br>だ、だってわたくし、できませんもの！！,"有、有、有异议！<br>
因、因为我根本做不到啊！！"
0201Trial04_Hanna004,わたくしには、完っ璧なアリバイがあるんですわ！<br>それを今から教えてやりますわー！,"本小姐可是有完美的不在场证明哦！<br>
现在就来告诉你们！"
0201Trial05_Hanna001,"わたくしたち１時間ほど、<br>ず～っと<br>自分たちの部屋に<br><link=""Objection_02_01_05_01"">いました</link>わ！","我们一直<br>
<link=""Objection_02_01_05_01"">待在</link>自己的<br>
房间里，<br>
足足有一个小时！"
0201Trial05_Hanna002,"わたくしが<br>部屋を出ていないのは、<br>ココさんとミリアさん、<br>レイアさんが<link=""Objection_02_01_05_02"">証明できる</link>と<br>思いますの！","我没有离开房间<br>
这一点，<br>
可可、米莉亚<br>
还有蕾雅<br>
都<link=""Objection_02_01_05_02"">可以作证</link>！"
0201Trial05_Hanna003,あ、ありえねーですわ！！,这、这不可能啊！！
0201Trial05_Hanna004,わたくしのアリバイは完っ璧ですわ！<br>むしろアリバイがないのは<br>ヒロさんのほうですわ～～！？,"我的不在场证明可是完美无缺的！<br>
反倒是希罗你<br>
根本没有不在场证明吧～～！？"
0201Trial05_Hanna005,そんなこと、わたくしたちしてませんわ～！！,我们绝对没有做这种事～！！
0201Trial05_Hanna006,何かが【パリン】と割れる短い音でしたわー！,是某种东西【啪嚓】一声碎掉的，非常短促的声音！
0201Trial06_Hanna001,それで、わたくしもココさんについていったんですわ。,然后，我也跟着可可去了。
0201Trial06_Hanna002,決して部屋でひとりになるのがさびしかった……<br>とか、そういう理由ではありませんからね……？,"绝对不是因为一个人待在房间里会觉得孤单……<br>
绝对不是哦……？"
0201Trial06_Hanna003,１人たりとも、１歩も出ていませんわ！<br>わたくしたちのアリバイは完っ璧ですわー！,"没有任何人走出过一步！<br>
我们的不在场证明是十～分完美的哦！"
0201Trial06_Hanna004,わたくしにはべつに聞こえてませんでしたわ？,我倒是完全没有听到欸？
0201Trial06_Hanna005,でも、現場にそれらしい機器はなかったんですわよね？,可是，现场没有发现任何能播放录音的设备欸？
0201Trial06_Hanna006,さすがに６人の証言を疑うのはおかしいですわ～！,竟然同时怀疑我们六个人的证词，脑子是不是出问题了哇～！
0201Trial07_Hanna001,矛盾って……なんですの？,矛盾……？什么矛盾？
0201Trial08_Hanna001,それはどうしてですの？,这是为什么呢？
0201Trial08_Hanna002,で、でもどうしてメルルさんが<br>そんな嘘をつく必要があるんですのー！？,"可、可是梅露露她<br>
为什么要撒这种谎呢！？"
0201Trial08_Hanna003,そんな……レイアさん、<br>あなたが本当に……！？,"怎么会……蕾雅，<br>
难道你真的……！？"
0201Trial08_Hanna004,ややこしいこと言わないでくださいまし！！,请不要在那里捣乱了好吗！！
0201Trial08_Hanna005,たしかに……<br>レイアさんは死体発見の１時間前からずっと<br>わたくしたちと一緒にいましたわね。,"是啊……<br>
蕾雅从发现尸体1小时前开始，<br>
就一直跟我们待在一起。"
0201Trial09_Hanna001,推理がアクロバティックすぎですわー！,你的推理就跟杂技一样乱来哇！
0201Trial11_Hanna001,ど、どういうことですの……！？,这、这是什么意思啊……！？
0201Trial11_Hanna002,ま、毎日何度も見回りしていたのには<br>そんな理由が……！？,"你、你每天来回巡视<br>
竟然是为了这个原因……！？"
0201Trial11_Hanna003,はれんちですわー！,太下流啦——！
0201Trial11_Hanna004,あ……怪しいですわ！,太……太可疑了！
0201Trial12_Hanna001,………。,………
0202Adv01_Hanna001,気持ちはわかりますけれど……<br>体力をつけるためには、<br>もう少し食べておいたほうがいいですわよ。,"虽然能理解你的心情啦……<br>
不过，为了维持体力，<br>
还是多吃一点比较好哦。"
0202Adv01_Hanna002,それにしても驚きでしたわ。<br>ゲストハウスから、あんな地下施設に<br>辿り着くだなんて……。,"话说回来真是吓我一跳。<br>
没想到还能从招待所<br>
走到那样的地下设施……"
0202Adv01_Hanna003,まったくですわ。<br>地下から島の外に出られる海底トンネルとか、<br>あってもよさそうですのに！,"就是说呀。<br>
如果有个从地下逃往岛外的海底隧道什么的<br>
该有多好！"
0202Adv01_Hanna004,くそー！ 腹立たしいですわ！,可恶！真叫人恼火！
0202Adv01_Hanna005,……はい？ なんですの？,……啊？什么意思？
0202Adv02_Hanna001,仲を深めると言ったって、<br>具体的には何をするんですの？,"你说要让大家搞好关系，<br>
那具体要做些什么呢？"
0202Adv02_Hanna002,劇って……誰に見せるんですの？<br>まさか、ゴクチョーと看守？,"舞台剧……是演给谁看的？<br>
该不会给典狱长和看守看吧？"
0202Adv06_Hanna001,まったくやれやれですわ。<br>どうしてわたくしが衣装作りなんて……。,"真叫人头疼哇。<br>
本小姐怎么就要负责做舞台服了……"
0202Adv06_Hanna002,広くて使いやすそうだったからですわ。<br>材料を置いたり、できた衣装を並べたりする<br>スペースもあったほうがいいですし。,"因为这里挺宽敞的，比较方便做事。<br>
我们也需要足够的空间<br>
去摆放材料和制作好的舞台服。"
0202Adv06_Hanna003,劇の演目は【ピーター・パン】に決まりましたの。,剧目已经定好是《小飞侠》了。
0202Adv06_Hanna004,エマさんはウェンディ役ですわ！<br>気合の入った衣装を作るので、<br>楽しみにしてくださいまし！,"艾玛负责饰演温蒂哦！<br>
我会做一套精美的舞台服，<br>
请好好期待吧！"
0202Adv06_Hanna005,なんてことしてるんですの！？<br>強引にもほどがありますわ！<br>というか、こんなに必要ありませんし！,"你这是在干什么！？<br>
未免也太离谱了吧！<br>
而且，根本用不到这么多呀！"
0202Adv06_Hanna006,どういうことですの……？,什么意思……？
0202Adv06_Hanna007,あ～……お天気ニュースで見たことありますわ。,啊～……在天气预报里见到过。
0202Adv06_Hanna008,でも、だからってちぎってくるだなんて<br>信じられませんわ……。,"可是，你就为了这个把窗帘和桌布都扯下来，<br>
真令人不敢置信……"
0202Adv06_Hanna009,物を粗末にするとバチが当たりますわよ。<br>ただでさえ毎日、無駄に消費していますのに。,"再不爱惜东西，可是会遭报应的。<br>
我们现在已经每天都在浪费东西了。"
0202Adv06_Hanna010,わたくしたちのお洋服ですわ！,就是我们穿的衣服呀！
0202Adv06_Hanna011,毎日捨てるだなんて、もったいなさすぎですわ！,每天都丢掉衣服，实在是太浪费了！
0202Adv06_Hanna012,燃やしてるんですの！？<br>お洗濯すれば、まだ着れますのに！,"居然都烧掉了！？<br>
明明洗一洗还能继续穿呢！"
0202Adv06_Hanna013,わたくしたちはそんなにばっちくないですわ～！！,我们哪里有那么脏哇～！！
0202Adv06_Hanna014,そ……そのときはそのときですわ！,那……那就到时候再说嘛！
0202Adv06_Hanna015,少なくとも今はまだ魔女ではないですし……<br>やっぱりもったいないですわ～……。,"至少我们现在还不是魔女……<br>
这样实在是太浪费了……"
0202Adv06_Hanna016,……そうですわね。<br>これからはお洗濯してやりますわ！,"……你说得对。<br>
以后我就自己洗衣服了！"
0202Adv06_Hanna017,ぐぬぬぅ……。,唔唔……
0202Adv14_Hanna001,きゃああ！？,呀啊啊！？
0202Adv14_Hanna002,もうなんなんですのー！！,到底在搞什么呀！！
0202Adv14_Hanna003,雨が降ってきたから取り込んだのに……<br>これじゃあまた洗い直しですわー！,"我看下雨了，赶紧把衣服收进来……<br>
这下又得重洗了！"
0202Adv14_Hanna004,ちょっとー！<br>そっちからぶつかってきたんだから<br>手伝ってくださいましー！,"等等！<br>
是你先撞上我的，<br>
你倒是帮帮忙啊！"
0202Adv14_Hanna005,もう……！<br>ゲリラ豪雨に交通事故に、散々ですわー！？,"真是的……！<br>
又是突降暴雨又是交通事故，我也太倒霉了吧！？"
0202Adv15_Hanna001,ぜえ、ぜえ、なんでわたくしまで……。,呼哧，呼哧，为什么要把我也拖过来……
0202Adv15_Hanna002,いやあああああっ！？,呀啊啊啊啊啊！？
0202Adv19_Hanna001,ヒロさん、どうかしましたの？,希罗，你怎么了？
0202Adv19_Hanna002,どうして……？<br>どうして看守がナノカさんを庇っていますの……？,"为什么……？<br>
为什么看守要保护奈叶香……？"
0202Trial01_Hanna001,そ、それはそうですわね……。,那、那倒也是……
0202Trial02_Hanna001,たしかに意味がありませんわ～！,确实，你这么做也没有意义呢～！
0202Trial02_Hanna002,そうですわー！<br>ふたりとももっとお行儀よく<br>お話し遊ばせなさいませ！,"就是呀！<br>
请你们两位<br>
更加礼貌优雅地交谈！"
0202Trial04_Hanna001,オカルトですの！？,超自然现象吗！？
0202Trial04_Hanna002,オバケですわー！！,闹鬼呀！！
0202Trial04_Hanna003,驚かせないでくださいまし！ ヒロさん！！,请不要吓我们了！希罗！！
0202Trial05_Hanna001,ウソおっしゃいませですわーッ！！,你肯定在说谎！！
0202Trial05_Hanna002,死体発見直前……２階に上がる階段で<br>ヒロさんはわたくしに激突してきましたの！,"就在尸体被发现的前不久……你在楼梯上<br>
狠狠撞到了我！"
0202Trial05_Hanna003,前方不注意！！<br>ヒロさんが周囲をちゃんと見ていたとは言い切れませんわー！！,"连路都不注意看！！<br>
你怎么敢肯定自己有仔细观察周围的情况！！"
0202Trial05_Hanna004,なっ……！？,什么……！？
0202Trial05_Hanna005,なんですってのーー！？,你说什么——！？
0202Trial06_Hanna001,"雨が降ってたし、<br>きっと<br><link=""Objection_02_02_06_01"">うまくいくわけねー</link><br>ですわよ！？","当时<br>
还在下雨呢，<br>
<br>
<link=""Objection_02_02_06_01"">怎么可能做得了直播</link>呀！？"
0202Trial06_Hanna002,それに<br>焼却炉室にあった血痕は<br>どうなるんで<br>やがりますの！？,"而且<br>
焚烧炉室的血迹<br>
该怎么解释！？<br>"
0202Trial06_Hanna003,そんなの、<br>ヒロさんやエマさんが<br>気付くに決まってますわー！,"要真是这样，<br>
希罗或者艾玛<br>
肯定会注意到呀！"
0202Trial06_Hanna004,誰がのろまですの！？<br>うっせーですわー！？,"你骂谁慢吞吞啊！？<br>
别多嘴好吗！？"
0202Trial06_Hanna005,何を根拠に！？,你有什么根据！？
0202Trial06_Hanna006,そうですわよね！！,是吧！！
0202Trial06_Hanna007,えぇー！？,什么！？
0202Trial06_Hanna008,私の容疑が固まりつつありますわー！！<br>ヒロさん、なんとかしてくださいまし！！,"我的嫌疑怎么越来越重了！！<br>
希罗，请你想办法帮帮我！！"
0202Trial06_Hanna009,わたくしのどこに翼があるって言うんですのー！？,你倒是说说我身上哪里长了翅膀！？
0202Trial06_Hanna010,少なくとも、<br>ヒロさんとエマさんの間に入り込める<br>わずかなタイミングを狙うのは無理ですわ～！,"总之我不可能<br>
盯着她们两个之间的窗口期<br>
飞进去啦～！"
0202Trial06_Hanna011,どう考えても言いがかりの域を出ませんわー！,只能说你这个观点实在是牵强了！
0202Trial06_Hanna012,そんな方法あるわけありませんわー！？,怎么可能有这种方法！？
0202Trial06_Hanna013,なんでわたくしに向けて言いやがるんですのー！？,为什么要对着我说啊！？
0202Trial06_Hanna014,友だちのこと全然信じるつもりねーですわ！<br>こんのクソ女～！,"嘴上说是好朋友，其实根本就不信我！<br>
你这个臭女人～！"
0202Trial06_Hanna015,あんた……じゃない、<br>あなたあとで、ぶっ殺……<br>お殺しになってさしあげますわ～！？,"臭女……不对，<br>
请你给我听好了，待会我要宰了……<br>
送你上西天～！？"
0202Trial06_Hanna016,話聞きやがりなさいませー！？,请你听人说话好吗！？
0202Trial07_Hanna001,ま、待ちやがりなさいませ！,请、请等一下！
0202Trial07_Hanna002,"それは……<br>なんか無理じゃ<br>ありませんこと！？<br>わたくしには<br><link=""Objection_02_02_07_03"">絶対無理</link>ですわ～！","你……<br>
不觉得<br>
很牵强吗！？<br>
我<link=""Objection_02_02_07_03"">绝对不可能做得到</link>～！<br>"
0202Trial07_Hanna003,濡れ衣ですわー！<br>きっと<br>こいつが犯人ですわー！,"根本就是冤枉呀！<br>
凶手一定<br>
就是这家伙——！"
0202Trial07_Hanna004,わ、わたくしは無実ですわー！？,我、我是清白的呀！？
0202Trial07_Hanna005,ヒロさん、もっとちゃんと反論してくださいまし！！,希罗，请你认真一点反驳！！
0202Trial07_Hanna006,えええと、あのときは外にいたら<br>雨が降りそうだったので戻ってきて、<br>それでしばらく……。,"呃我想想，当时我在外面<br>
看到快要下雨了就回到屋里，<br>
然后过了一会……"
0202Trial07_Hanna007,ああっ！ そうですわ！,啊——！我想起来了！
0202Trial07_Hanna008,玄関のホールで階段から降りてくるヒロさんと<br>すれ違いましたわ～！,"我在玄关大厅和刚从楼上下来的希罗<br>
擦肩而过～！"
0202Trial07_Hanna009,きゃああ！？,呀啊啊！？
0202Trial07_Hanna010,もうなんなんですのー！！,到底在搞什么呀！！
0202Trial07_Hanna011,そこからわたくし、２階に上がりましたわ！,然后我就上了二楼！
0202Trial07_Hanna012,そしてしばらくすると何やら１階の方が騒がしくなり……。,过了一会，我听见一楼那边吵吵闹闹的……
0202Trial07_Hanna013,中庭の方へ行ったら、<br>皆さんいらっしゃったんですわ～！,"于是我来到中庭，<br>
就看到大家都在那里～！"
0202Trial07_Hanna014,……たしかにその通りですわー！？,……确实如你所说呢！？
0202Trial07_Hanna015,ですわですわー！,就是就是！
0202Trial08_Hanna001,で、でもわたくし、<br>ヒロさんとぶつかったときに落とした洗濯物を<br>階段で拾っていましたが――。,"但、但是我撞到你的时候<br>
衣服掉到了楼梯上，<br>
还花了一些时间收拾——"
0202Trial08_Hanna002,そのとき不審な人物なんて見てないですわ？,可我并没有看到可疑人物呀？
0202Trial08_Hanna003,だから、偶然犯人が見つからなかったとする説は<br>無理がある気がしますわー？,"所以说，碰巧没人看到凶手的假设<br>
有些牵强了吧？"
0202Trial08_Hanna004,私も階段の近くにいましたけど、<br>レイアさんに魔法をかけられた覚えはありませんわ～？,"我当时也在楼梯附近，<br>
但我可不记得被蕾雅施过魔法欸～？"
0202Trial08_Hanna005,でも……犯人が焼却炉室からその通路を使ったとしても、<br>１階のシャワールームまでしか行けないことになりますわよ？,"可是……如果凶手从焚烧炉室走那个通道的话，<br>
也只能到一楼的淋浴房哦？"
0202Trial08_Hanna006,わたくしじゃありませんわね。,才不是我。
0202Trial08_Hanna007,紙にメモしたりはしましたけれど、<br>それらはもったいなくて捨ててませんわ！,"我是在纸上做过笔记，<br>
但我可没有随便扔掉！"
0202Trial08_Hanna008,濡れ衣ですわー！,根本冤枉呀！
0202Trial08_Hanna009,その人が、紙をこんなに使ったようには思えませんわね……？,这个人应该不会用这么多纸吧……？
0202Trial09_Hanna001,か弱い……？<br>とてもか弱いとは言えない、<br>力自慢の人が<br>いる気がしますわ？,"柔弱……？<br>
我怎么记得有人力气很大，<br>
跟柔弱两个字<br>
根本不沾边呢？"
0202Trial09_Hanna002,わたくしは<br>何もしてませんわ！？<br>きっとそこの怪力女が<br>両手両足で体を支えて、<br>ダストシュートの中を<br>ペタペタ登って<br>いったんですわ～！,"我可什么都<br>
没做哦！？<br>
肯定是这个怪力女<br>
用四肢支撑身体，<br>
从垃圾滑槽里<br>
飞速爬了上去！<br>"
0202Trial09_Hanna003,どうせこいつ手加減なんてできやしねーですわ！<br>ダストシュートがボロボロになりそうですわ～！,"这家伙肯定不会控制力度的！<br>
垃圾滑槽会被她弄得破破烂烂的啦～！"
0202Trial09_Hanna004,いきなりなんでニンジャですの！？,怎么突然提到忍者了！？
0202Trial09_Hanna005,自分で言っておいてなんですけど、<br>ちょっとしんどそうですわね……。,"虽然是我提出来的，<br>
但听起来有点辛苦啊……"
0202Trial09_Hanna006,その通りですわー！<br>そしてそのぐらいの距離、<br>魔法を使うより歩いた方が早いですわー！？,"对啊！<br>
而且这么点距离，<br>
走路比用魔法更快吧！？"
0202Trial10_Hanna001,集まる前はみなさん、<br>何をしてたんですのー！？,"在汇合之前，<br>
大家都在做什么呢！？"
0202Trial10_Hanna002,……はわっ！？,……哇！？
0202Trial10_Hanna003,"では<link=""Objection_02_02_10_01"">わたくしだけ</link>が<br>アリバイがない人<br>なんですのー！？","那就<link=""Objection_02_02_10_01"">只有我一个人</link><br>
没有不在场证明了！？<br>"
0202Trial10_Hanna004,ち、違いますわ～！,不、不是我啦～！
0202Trial10_Hanna005,そ、そうですわっ！<br>私１階のホールで<br>ヒロさんとすれ違っていますわ！,"对、对了！<br>
我在一楼大厅<br>
和希罗擦肩而过了！"
0202Trial10_Hanna006,私がそこにいたのは<br>ヒロさんが<br>証明してくれますわ～！,"她可以<br>
为我作证<br>
我当时就在那里～！"
0202Trial10_Hanna007,下に行って上に行って……！,这样跑上跑下的……！
0202Trial10_Hanna008,そんなの絶対時間が足りませんわ～！,时间肯定不够用呀～！
0202Trial10_Hanna009,無理やり連れて行かれましたわ～！,然后被你强行带走了～！
0202Trial10_Hanna010,わたくしアナウンスを聞くまで、<br>ヒロさんにぶちまけられた洗濯物を拾っていましたもの！,"在听到通知之前，<br>
我一直在收拾被希罗撞了一地的衣服！"
0202Trial10_Hanna011,むしろわたくしが無理だって意見が<br>直前に会ってるヒロさんから出てこないのが怪しいですわー！！,"反倒是希罗很奇怪，<br>
明明案发前刚刚遇到我，却不否定我的嫌疑！！"
0202Trial10_Hanna012,それは誰ですのー！？,那个人是谁！？
0202Trial10_Hanna013,これまでの話はいったいなんだったんですわー！？,那我们刚刚的讨论到底算什么啊！？
0202Trial11_Hanna001,……そんなこと言ったような気がしますわね？,……我好像是这么说过吧？
0202Trial12_Hanna001,んなことできるわけねーですわ！？,怎么可能猜得到呀！？
0202Trial12_Hanna002,犯罪ですわー！,那可是犯罪呀！
0203Adv02_Hanna001,ええ、このままここにいても<br>わたくしたちは魔女化が進むばかりですわ。,"没错，就这样一直呆下去，<br>
我们的魔女化程度也只会一天比一天严重。"
0203Adv02_Hanna002,殺人事件が起きるかもしれない、<br>殺人事件が起きたら裁判で処刑されるかもしれない。,"也许会发生凶杀案，<br>
只要有人被杀，就会有人在审判中被处决。"
0203Adv02_Hanna003,もうそんな生活を続けるのには、<br>うんざりですわ……！,"我已经受够了，<br>
我不要再过这种日子……！"
0203Adv02_Hanna004,エマさんが謝ることではありませんわ！<br>わたくしたちはわたくしたちで、<br>この状況から逃れる方法を模索していきましょう。,"艾玛不需要道歉呀！<br>
我们就用我们自己的方式，<br>
去寻找逃出现状的方法吧。"
0203Adv02_Hanna005,わたくしも同感ですわ。,我也这么觉得。
0203Adv02_Hanna006,結局は、何も変わらないんですのね……。,结果还是一切照旧……
0203Adv02_Hanna007,ちょっと、まだやる気だったんですの？,不是吧，你还打算做下去？
0203Adv02_Hanna008,ふ、ふんっ……！<br>見え透いたお世辞を言われたって、<br>嬉しくもなんともないですわ！,"哼、哼……！<br>
这么明显的奉承，<br>
人家才不会高兴呢！"
0203Adv02_Hanna009,してねーですわ！,才没有！
0203Adv08_Hanna001,ちょっと、シェリーさん！<br>干す時はちゃんとシワを伸ばしてくださいまし！,"等等，雪莉！<br>
晾的时候请先把衣服的皱褶给拉平！"
0203Adv08_Hanna002,てへ、じゃねーですわよ！<br>ほんっとに馬鹿力なんですから！,"你还“欸嘿”！<br>
你真是个傻大力！"
0203Adv08_Hanna003,縫えばまだ着られますわね。<br>衣装の材料に使ってもいいですし……。,"缝补一下应该还能穿。<br>
或者用来做舞台服的材料也行……"
0203Adv08_Hanna004,……もう、わたくしがシワを伸ばしますから、<br>シェリーさんが干していってください。,"……真是的，我来把皱褶整平，<br>
雪莉负责晾吧。"
0203Adv08_Hanna005,さ、とりあえず干すのはこれで最後です。<br>次は、こっちのカゴにある分を洗っていきますわよ。,"嗯，这次要晾的就这么多了。<br>
接下来我就把这篮子里的都洗了。"
0203Adv08_Hanna006,ごしごしごしごしごしごしですわー！,看我用力搓搓搓搓搓搓！
0203Adv08_Hanna007,うるせーですわね！<br>いいから黙って干しやがれですわ！,"你话真多呢！<br>
快闭嘴给我乖乖晾衣服去好吗！"
0203Adv08_Hanna008,ヒロさんも、一緒にいるなら手伝えですわ！,希罗要是有空的话也给我来帮忙！
0203Adv08_Hanna009,自分で着るものなんですから、<br>ちゃんと自分で洗って自分で干す！<br>当たり前のことでしょう？,"自己穿的衣服，<br>
就应该自己洗自己晾！<br>
这不是理所当然的吗！"
0203Adv09_Hanna001,あんまり安心できませんわね、それ……。<br>でもまあ、わたくしもエマさんなら平気だと思いますわ。,"你这听起来也不怎么能让人放心啊……<br>
不过嘛，我觉得艾玛肯定能演好。"
0203Adv12_Hanna001,どういうことですの！？,你这话是什么意思！？
0203Adv14_Hanna001,事情があったのなら、<br>きちんと話してほしいですわ！,"如果这背后有什么内情，<br>
希望你能好好说出来！"
0203Bad01_Hanna001,というか、なんなんですの？<br>ウサギ？ に角が生えてますわ……。,"重点是，这都是些什么动物？<br>
兔子？可它头上长了角……"
0203Bad01_Hanna002,っ……。,——！
0203Bad01_Hanna003,や……っ！ やめて！<br>来ないで……いやっ！！,"住……！住手！<br>
别过来……不要！！"
0203Trial01_Hanna001,たしかに、部屋をアトリエとして普段使いしていた<br>ノアさんの証言の方が信じられますわ！,"没错，诺亚平时就在画室里画画，<br>
她的证词更加可信！"
0203Trial02_Hanna001,アトリエなら彫像とかもありそうですわね！,既然是画室，里面就算放了雕像也不出奇呢！
0203Trial03_Hanna001,……で、でも！<br>わたくしもおかしいと思いますわ～！,"……可、可是！<br>
我也觉得这事情很奇怪欸～！"
0203Trial03_Hanna002,わたくし、外に洗濯物を干してたんですの！,白天洗好的衣服当时还在外面晾着！
0203Trial03_Hanna003,取り込むの忘れてたんですわ！,我忘了把衣服收进来！
0203Trial03_Hanna004,でも、雨の音を聞いて思い出したんです！,可是听到雨声后想起来衣服还晾在外面！
0203Trial03_Hanna005,だからそれで慌てて取り込みに行ったら……。,于是慌忙跑出去想给收起来……
0203Trial03_Hanna006,まったく濡れてませんでしたの！<br>ほら、この洗濯物ですわ～！,"却发现衣服完全没湿！<br>
看，就是这件衣服～！"
0203Trial04_Hanna001,勝手にって、どうやって動いたんですの！？,自己挪位置！？铁栅自己怎样挪位置啊！？
0203Trial04_Hanna002,まさか、夜な夜なひとりでに歩き始めたとか<br>言うわけではありませんわよね……！,"你不会说什么铁栅每晚都会自己跑出来<br>
到处走来走去这种话吧……！"
0203Trial04_Hanna003,じゃあやっぱりちゃんと見えていたということですわね～！,那果然还是能从二楼清楚看到铁栅栏的位置呢～！
0203Trial04_Hanna004,そんな料理番組の煽り文句みたいなことがあるんですの！？,"这种像烹饪节目里“加点秘密调料就能变好吃”一样的事情<br>
有可能发生吗！？"
0203Trial06_Hanna001,もしかしてエマさん……<br>何か知って<br>らっしゃるんですのー！？,"难不成……<br>
艾玛你其实<br>
知道些什么～！？"
0203Trial06_Hanna002,なんかホラーですわー！,你这是在说恐怖故事啊！
0203Trial06_Hanna003,じゃ、じゃあ……！,那、那……！
0203Trial06_Hanna004,アンアンさんを殺したのは、<br>エマさんですの～～～！？,"杀死安安的凶手<br>
就是艾玛～～～！？"
0203Trial07_Hanna001,"エマさんが<br>突き落としたときに<br>串刺しにされて、<br>アンアンさんは<br><link=""Objection_02_03_07_03"">死んでしまった</link>ん<br>ですわー！！","艾玛把安安<br>
推下阳台后，<br>
安安被中庭的铁栅栏<br>
刺穿身体<br>
<link=""Objection_02_03_07_03"">死掉了</link>！！<br>"
0203Trial07_Hanna002,ど、どういうことですの！？,什、什么意思！？
0203Trial07_Hanna003,たしかにそうですわね！,说得没错！
0203Trial07_Hanna004,出血しなかったなんて……<br>そんなことありえるんですの！？,"没有流血……<br>
这有可能吗！？"
0203Trial07_Hanna005,無理だと思いますわー！,我觉得这太扯了！
0203Trial08_Hanna001,でも串刺しに<br>なったって話じゃ<br>ないんですのー！？,"可一开始<br>
说的不是<br>
铁栅刺穿身体吗！？"
0203Trial08_Hanna002,そんな偶然、<br>無理がありますわ～！！,"哪有这么<br>
凑巧的事啊～！！"
0203Trial08_Hanna003,……でもそれ、アンアンさんの魔法ですわー？,……可那不就是安安的魔法吗？
0203Trial08_Hanna004,怪我をしない方法の話ではなかったんですの！？,我们在讨论的不是安全着地的方法吗！？
0203Trial08_Hanna005,べつに死体が家族の元に返されるわけでもないですし、<br>無理だと思いますわ……。,"又不是人死了他们就会把尸体还给家人，<br>
我觉得这说不过去吧……"
0203Trial09_Hanna001,お化け屋敷でも<br>作る気だったとしか<br>考えられませんわー！,"她是想把<br>
这座房子<br>
弄成鬼屋啊！"
0203Trial10_Hanna001,"そ、そうですわ！<br>放置してた洗濯物は<br><link=""Objection_02_03_10_01"">乾いていました</link>し……！","没、没错！<br>
那时候晾在外面的<br>
衣服都<link=""Objection_02_03_10_01"">晾干了</link>……！"
0203Trial10_Hanna002,ちょっと待ってくださいまし、ヒロさん！,请先等一下，希罗！
0203Trial10_Hanna003,わたくしはそのとき、<br>雨の音を聞いてすぐに外に出ましたわ？,"当时我听到雨声<br>
就马上跑到外面去了哦？"
0203Trial10_Hanna004,なのにそんな短い間で服を乾かすなんて無理だと思いますわ！,想要在这么短的时间内把衣服烘干，我认为是不可能的！
0203Trial10_Hanna005,……ヒロさん、お洗濯したことないんですの！？,……希罗，你没有洗过衣服吗！？
0203Trial10_Hanna006,乾燥機を使ったって、<br>そんなに早く出来ませんわ～！,"就算使用烘干机，<br>
也没办法这么快就干透～！"
0203Trial10_Hanna007,それはやめて欲しいですわ～！！,求你千万住手～！！
0203Trial10_Hanna008,そんな狭い範囲に雨が降るなんて、<br>ありえるんですのー！？,"雨就只在这么小的范围内下，<br>
这有可能吗！？"
0203Trial11_Hanna001,た、たしかにノアさんが<br>絵を描く以外で<br>魔法を使っているのは<br>見たこと<br>ありませんわ……！,"说、说得没错，<br>
我从没见过<br>
诺亚用魔法<br>
做画画以外的事……！<br>"
0203Trial12_Hanna001,それはわたくしもノアさんの意見に賛成ですわ！,我也赞同诺亚说的！
0203Trial12_Hanna002,雨が降らないという天気予報を信じて、<br>今まで何度洗濯物を台無しにしてしまったか……。,"曾经有好几次我相信了天气预报说不会下雨，<br>
结果洗好晾到外面的衣服全都给糟蹋了……"
0203Trial12_Hanna003,雨が偶然降ることはあると思いますわー！,碰巧下雨这种情况是有可能发生的！
0203Trial13_Hanna001,やっぱりノアさんの言ってることが本当なんですの！？,那果然诺亚说的就是事实咯！？
0204Adv01_Hanna001,明るく振舞える状況だとでも？<br>正直、規則を守って生活するだけで<br>いっぱいいっぱいですわ。,"这种状况下还让我们故作轻松？<br>
说实话，光是遵守规定生活下去，<br>
我就已经竭尽全力了哇……"
0204Adv01_Hanna002,もう何も考えたくないですわ……。<br>わたくし、とても疲れましたの。,"我已经再也不想思考了……<br>
我真的，太累了。"
0204Adv01_Hanna003,あなたとだけはやりたくない遊びばかりですわね！？,全是些让人不想和你这种人玩的游戏哇！？
0204Adv01_Hanna004,……ふんっ、まだそんなこと言ってますの？<br>いい加減お認めになりましたら？,"……哼，还在说这种话？<br>
差不多该承认了吧？"
0204Adv01_Hanna005,熱して相手を弱体化させる作戦ですわね！,是打算用高温让对手失去战斗力吧！
0204Adv01_Hanna006,ゴリラー！？,你这猩猩女！？
0204Adv01_Hanna007,きぃぃ、悔しい、悔しいですわー！,可恶，不甘心哇，太不甘心了——！
0204Adv01_Hanna008,くぅっ、調子にノリすぎですわあのゴリラ！,可恶，这猩猩女也太嚣张了！
0204Adv01_Hanna009,絶対、絶対勝ってくださいまし、エマさん！,一定、一定要赢哇，艾玛！
0204Adv01_Hanna010,エマさんが勝てるようにおまじないですわ。,这是能让艾玛获胜的魔法哦。
0204Adv01_Hanna011,やったやった！ やりましたわねエマさん！,太好了太好了！成功了，艾玛！
0204Adv04_Hanna001,あら……あなたたち、<br>なんのご用ですのかしら？,"哎呀……你们，<br>
来这里有什么事吗？"
0204Adv04_Hanna002,元々お裁縫が趣味ですのよ。<br>今は人形を作っていますの。,"我本来就喜欢缝纫。<br>
现在做的不是舞台服，而是人偶。"
0204Adv04_Hanna003,シェリーさんが集めてくれたおかげで<br>布は大量に余っていますしね。,"多亏雪莉收集了这么多布料，<br>
现在还剩了一大堆呢。"
0204Adv04_Hanna004,最近エマさんの元気がなくて、<br>心配していますの。<br>だから少しでも励みになるかと思って……。,"最近艾玛没什么精神，<br>
我有点担心她。<br>
所以想着，能不能用这个让她开心一点……"
0204Adv04_Hanna005,羨ましい……？,羡慕……？
0204Adv04_Hanna006,それはわたくしが作ったものじゃねーですわよ。,那可不是我做的哦。
0204Adv04_Hanna007,アンアンさんのリクエストで、<br>ミリアさんが作りましたの。,"那是米莉亚<br>
按照安安的要求制作的。"
0204Adv04_Hanna008,アンアンさんが<br>どうしても王冠が欲しいと言って……。,"安安说，<br>
无论如何都想要一顶王冠……"
0204Adv04_Hanna009,ノアさんから聞きましたけど、<br>アンアンさんは<br>ウェンディ役をやりたがっていたらしいですわね。,"我听诺亚说，<br>
安安其实<br>
很想扮演温蒂。"
0204Adv04_Hanna010,……っ,……！
0204Adv04_Hanna011,わ、わたくし、いっ、忙しいので<br>もう行ってくださいまし……！,"我、我、我很、很忙的，<br>
你们快点离开吧……！"
0204Adv04_Hanna012,舞台をやるつもりなら、<br>もう少し衣装も手直ししないといけませんし……っ,"如果真的要演舞台剧，<br>
服装还需要再做些调整呢……"
0204Adv10_Hanna001,しっ、騒がしくするのはよくありませんわ！<br>きっと今はお辛いでしょうから。,"嘘，吵闹是不好的！<br>
她现在一定很难受。"
0204Adv10_Hanna002,……あの、エマさん。<br>わたくし、これをあなたに作りましたの。,"……那个，艾玛。<br>
这个是，我为你做的……"
0204Adv10_Hanna003,エマさんに少しでも<br>元気になってもらいたくて……。,希望能让你稍微打起精神来……<br>
0204Adv11_Hanna001,朝食の時から、ヒロさんの様子がおかしいって<br>みなさんで話し合っていましたの。,"从早餐的时候开始，大家就在讨论说，<br>
希罗看起来状态有点不对。"
0204Adv11_Hanna002,ひっ、だ、誰かに<br>殺意を抱いていますの……！？,"你、你不会对谁<br>
产生了杀意吧……！？"
0204Adv12_Hanna001,うぅ……メルルさん、こんなお姿に……<br>とても悪い魔女だなんて思えませんわ……。,"呜……梅露露小姐，变成这个样子……<br>
怎么看都不觉得她是一个坏魔女……"
0204Adv12_Hanna002,ああ、戻ってきましたわ。,啊，你们回来了哇。
0204Adv12_Hanna003,レイアさんも来ませんわね……。,蕾雅也没来呢……
0204Adv12_Hanna004,もしかして故障ですの……？,难道是坏了……？
0204Adv12_Hanna005,わたくしも見ていませんわ。,我也没有看到呢。
0204Adv12_Hanna006,ヒロさん、あなた、ど、どこへ……？,希罗，你、你要去哪里……？
0204Adv14_Hanna001,うっ……うぅ……っ,呜……呜呜……
0204Adv14_Hanna002,わたくし、わたくしなんてことを……っ<br>エマさんを、エマさんを殺すなんてぇっ……。,"我……我怎么会做出那样的事……<br>
居然杀了艾玛，杀了艾玛啊……"
0204Adv14_Hanna003,うぅうぅ……っ<br>どんなに責められても、仕方ありません……。,"呜呜呜……<br>
不管受到怎样的责难，我也无话可说……"
0204Adv14_Hanna004,大切なお友だちだと思っていたエマさんを、<br>わたくしは殺めてしまったのですから……。,"因为我亲手杀死了<br>
重要的朋友，艾玛……"
0204Adv14_Hanna005,なんですの、シェリーさん……。<br>わたくしはもう、言い残したことなんてありません。,"什么事呢，雪莉……<br>
我已经没有什么话要说了。"
0204Adv14_Hanna006,罪を犯したのだから……潔く受け入れます。,我已经犯了罪……会坦然接受惩罚的。
0204Adv14_Hanna007,……っ,……！
0204Adv14_Hanna008,……どうして。,……为什么。
0204Adv14_Hanna009,どうしてあなたはいつも……<br>わたくしの中にズカズカと<br>勝手に踏み込んできますの？,"为什么你总是这样……<br>
总是不顾一切、<br>
大摇大摆地闯入我的内心深处？"
0204Adv14_Hanna010,……っ,……！
0204Adv14_Hanna011,……ええ、ええ、その通りですわ。<br>わたくしは、レイアさんを憎んでいた。,"……没错，没错，你说得对。<br>
我，憎恨着蕾雅。"
0204Adv14_Hanna012,内心ずっと嫌っていました。<br>それでもなんとかうまくやっていこうとは、<br>努力していました……。,"我心里一直都不喜欢她。<br>
尽管如此，我还是在努力<br>
想要与她好好相处……"
0204Adv14_Hanna013,あの時レイアさんが、<br>あんなことを言わなければ――。,"如果当时蕾雅<br>
不说出那句话——"
0204Adv14_Hanna014,どうしてですの……？,为什么……？
0204Adv14_Hanna015,……わかりませんの。,……不会懂的。
0204Adv14_Hanna016,住む世界が違うあなたには、<br>到底わかるはずがありませんの……！,"生活在跟我不同世界的你，<br>
怎么可能会懂……！"
0204Adv14_Hanna017,……はぁ、はぁ。,……哈啊、哈啊……
0204Adv14_Hanna018,と、取り乱して申し訳ありませんわ。<br>少しだけ待っていただけるかしら。,"对不起，我太激动了。<br>
可以等我平复一下吗。"
0204Adv14_Hanna019,……はぁ、はぁ……！,……哈啊、哈啊……！
0204Adv14_Hanna020,――ッ！,——！
0204Adv14_Hanna021,レイアさんに嫉妬して、羨ましくて、焦がれて、<br>焦がれて、焦がれて、焦がれて……。,"我嫉妒蕾雅、羡慕蕾雅、渴望成为蕾雅、<br>
渴望着、渴望着、渴望着……"
0204Adv14_Hanna022,どんなにわたくしが望んでも、<br>彼女のいるところには決して届かない。,"无论我怎样祈求，<br>
都无法触及她所在的那片天地。"
0204Adv14_Hanna023,結局わたくしは置き去りにされると思い知って……。,意识到我终究会被抛弃时……
0204Adv14_Hanna024,本当に惨めでした。,真的好悲惨。
0204Adv14_Hanna025,だからわたくし、<br>レイアさんを殺しましたの。,"所以，<br>
我杀了蕾雅。"
0204Adv14_Hanna026,心底醜いですわね。<br>こんなの、知られたく、ありませんでしたわ。,"这人真是烂透了，对不对？<br>
自己这个样子，本来是、不想让任何人知道的……"
0204Adv14_Hanna027,ぐっ……ああぁっ,呃啊……啊啊啊！
0204Adv14_Hanna028,嫉妬に駆られて殺したなんて、<br>醜くて汚くて最低で……っ,"因为嫉妒而杀人……<br>
真是肮脏、丑陋、可耻至极……"
0204Adv14_Hanna029,処刑されて当然なのはわかっています！<br>けれど、けれど……っ,"我知道自己罪该如此！<br>
但是、但是……！"
0204Adv14_Hanna030,でも……でも、わたくし、<br>魔女になりたくありませんの……っ,"但是……但是，我，<br>
我真的不想变成魔女……"
0204Adv14_Hanna031,どんなに汚くても、<br>罪深くても、人間のままでいさせてほしいの……っ,"就算这么肮脏，<br>
罪孽这么深重，还是想作为一个人……"
0204Adv14_Hanna032,どうか人間のままで殺して――！,拜托了，在我还是人的时候杀了我吧——！
0204Adv14_Hanna033,わたくしを化け物にしないでよぉっ！<br>わたくしのままでいさせてよぉっ！,"不要把我变成怪物啊！<br>
就算死我也想保持自己还是人的样子！"
0204Adv14_Hanna034,あなた、あなた一体どういうつもりですの！？,你、你到底要干什么啊！？
0204Adv14_Hanna035,なんて、なんてバカなのかしら――。,你到底、到底有多傻啊——
0204Adv16_Hanna001,――わたくし魔女になりたくありませんわ。,——我才不想变成魔女呢。
0204Adv16_Hanna002,――全員を助けられるなら、<br>なってやらんこともないですわ。,"——要是所有人都能得救的话，<br>
我勉为其难变成魔女也不是不行啦。"
0204Adv16_Hanna003,でも……でも、わたくし、<br>魔女になりたくありませんの……っ,"但是……但是，我，<br>
我真的不想变成魔女……"
0204Adv16_Hanna004,どんなに汚くても、<br>罪深くても、人間のままでいさせてほしいの……っ,"就算这么肮脏，<br>
罪孽这么深重，还是想作为一个人……"
0204Adv16_Hanna005,どうか人間のままで殺して――！,拜托了，在我还是人的时候杀了我吧——！
0204Adv16_Hanna006,わたくしを化け物にしないでよぉっ！<br>わたくしのままでいさせてよぉっ！,"不要把我变成怪物啊！<br>
就算死我也想保持自己还是人的样子！"
0204Trial00_Hanna001,さ、殺人事件……！,凶、凶杀案……！
0204Trial00_Hanna002,レ、レイアさんのレイピア……どうして……。,蕾、蕾雅的刺剑……为什么会……
0204Trial00_Hanna003,もう１つ……エレベーター前には怪しい証拠がありましたわ。,还有一点……电梯前有一个可疑的证据呢。
0204Trial00_Hanna004,いいから話を進めましょう。,别管这些有的没的，继续讨论吧。
0204Trial00_Hanna005,私が見つけたのはこれですわ～！,我找到的是这个哇～！
0204Trial00_Hanna006,どっちでも構いませんわ～！,哪个都差不多啦～！
0204Trial00_Hanna007,これには発見時、血痕もついていましたわ。,发现这东西的时候，上面已经沾有血迹了哦。
0204Trial00_Hanna008,残念ですが……<br>レイアさんもエマさんも、<br>いつから見ていないのかはわかりませんわ……。,"很遗憾……<br>
我们也不清楚，<br>
蕾雅和艾玛到底是什么时候不见的……"
0204Trial00_Hanna009,もしかして故障ですの……？,难道是坏了……？
0204Trial01_Hanna001,上の階では<br>わたくしとシェリーさんが<br>ミリアさんが出てくるのを<br>見ていましたわ……。,"我和雪莉在上层，<br>
亲眼看到<br>
米莉亚从电梯里<br>
出来的哇……"
0204Trial01_Hanna002,それなのにわたくしたちが見落とすワケ、ありませんわー！,那样的话我们不可能看漏的吧！
0204Trial01_Hanna003,ええ、そうでしたわ……。<br>だからわたくしたち、<br>１人ずつ地上に昇ったわけですし……。,"是的，没错……<br>
所以我们那时才<br>
一个一个坐电梯上去呀……"
0204Trial02_Hanna001,そうですわ！<br>上の階からエマさんを<br>エレベーターに<br>乗せることなんて<br>到底無理ですわー！,"就是呀！<br>
根本没有可能<br>
从上层把艾玛<br>
搬到电梯里呀！<br>"
0204Trial02_Hanna002,そんなのありえませんわ～！,那种事不可能发生哇～！
0204Trial02_Hanna003,そもそも、あのエレベーターには<br>階層指定ボタンすらなかったと思いますわ……？,"但那个电梯根本<br>
连指定楼层的按钮都没有哇……？"
0204Trial03_Hanna001,で、でも仮に<br>レイアさんがエマさんを<br>殺したのだとすると……。,"但、但是假如<br>
真的是蕾雅<br>
杀害了艾玛……"
0204Trial03_Hanna002,レイアさんとエマさんが<br>【相打ち】になったって<br>ことですの……？,"那岂不是<br>
意味着她们<br>
【同归于尽】了吗……？"
0204Trial03_Hanna003,……たしかに、<br>それなら成立するのかも<br>しれませんわね……。,"……确实，<br>
如果是这样<br>
就解释得通了……"
0204Trial03_Hanna004,たしかに……<br>【自分で後頭部を殴る】なんて無理っぽいですわ。,"确实……<br>
【自己攻击自己的后脑勺】好像是不太可能哇。"
0204Trial03_Hanna005,でも血痕も見つかってますし、<br>エレベーター付近で何かあったのは確実ですわ……？,"但现场的血迹也说明，<br>
电梯附近肯定是发生过什么的哇……？"
0204Trial04_Hanna001,じ、事故なら<br>たしかに辻褄は合うかも<br>しれませんけど……！,"如、如果是意外的话，<br>
确实可能<br>
说得通……！"
0204Trial04_Hanna002,そ、そうですわ～！<br>凶器になるようなもの、<br>見つかってませんわ！,"对、对呀～！<br>
并没有发现<br>
能当凶器的东西哇！"
0204Trial04_Hanna003,わたくしそんなこと<br>していませんわー！？,我才没有做那种事呢——！？<br>
0204Trial04_Hanna004,……そ、その【重い部品】というのはどこにありますの……？,……那、那个【重型零件】现在在哪里呢……？
0204Trial04_Hanna005,そ、そんなことありえるんですの……！？,那、那种事真的可能发生吗……！？
0204Trial04_Hanna006,ヒロさん！ 無闇に疑ってはいけませんわ～！,希罗！不能随便乱怀疑啦～！
0204Trial04_Hanna007,わ、わたくしの贈った人形が<br>呪いの依り代に……！？,"我、我送给她的人偶，<br>
竟然成了诅咒的媒介……！？"
0204Trial04_Hanna008,犯人があとで回収したにしろ、<br>散らばった破片を集めること自体が難しいと思いますわ。,"就算凶手杀人之后清理现场，<br>
碎片飞得到处都是，也很难收集起来吧？"
0204Trial04_Hanna009,な、ならレイアさんは<br>氷で後頭部を殴られて<br>殺されたってことですのー！？,"那、那么蕾雅就是<br>
死于被冰块重击后脑勺的吗——！？<br>"
0204Trial04_Hanna010,どうして黙ってたんですのー！？,为什么一直不说哇！？
0204Trial04_Hanna011,ゴクチョーは乙女の体重まで<br>把握してらっしゃるんですの！？,"典狱长连少女的体重都被<br>
掌握得一清二楚吗！？"
0204Trial05_Hanna001,さすがに上の階でそんなことしてたら、<br>わたくしかミリアさんが気付きますわ～！,"要是在上层做那种事，<br>
我或者米莉亚肯定会发现的哇～！"
0204Trial05_Hanna002,それに……もし下の階で<br>死体が高速でエレベーターに入り込んだなら、<br>ヒロさんが風か何かを感じてるはずでは……？,"而且……如果在下层<br>
尸体高速进入电梯的话，<br>
希罗应该会感觉到风，或者什么吧……？"
0204Trial05_Hanna003,というか高速で動く死体なんて怖すぎますわー！,再说高速移动的尸体也太恐怖了吧——！
0204Trial05_Hanna004,冷凍されている魔女が魔法を使ったんですの……！？,被冷冻的魔女还能使出魔法吗……！？
0204Trial06_Hanna001,"そもそも<br><link=""Objection_02_04_06_04"">死体が勝手に動いて</link><br>でもない限り、<br>ヒロさんの推理は<br>無理がありますわ！","除非<br>
那具<link=""Objection_02_04_06_04"">尸体自己动</link>了，<br>
否则<br>
希罗的推理<br>
根本站不住脚！"
0204Trial06_Hanna002,やっぱりヒロさんの推理はむちゃくちゃですわ～！,果然希罗的推理太离谱了哇～！
0204Trial06_Hanna003,共犯なわけありませんわー！,怎么可能是共犯哇！
0204Trial06_Hanna004,上の階にはわたくしたち３人がいましたし、<br>下にはヒロさんがいましたものね……。,"毕竟我们三个人在上层看着，<br>
希罗在下层看着……"
0204Trial06_Hanna005,な、中身って、どういうことですの……！？,掏、掏空，是什么意思啊……！？
0204Trial06_Hanna006,ヒッ……！？,嘶……！？
0204Trial06_Hanna007,発想がグロ過ぎますわ～～！,你想到的东西也太恶心了哇～～！
0204Trial07_Hanna001,わ、わたくし<br>エレベーターの上になんて<br>いませんでしたわ！？<br>ちゃんと上の階で<br>待ってましたもの！,"我、我可没有<br>
待在电梯顶上哇！？<br>
我可是一直<br>
在上层等着的！<br>"
0204Trial07_Hanna002,"誰かが何かしたとしたら……<br>えーと……<br>きっとそこの怪力女が<br>何かしたんですわ！<br><link=""Objection_02_04_07_03"">規格外の力</link>で！！","如果真的有谁动了手脚……<br>
呃……<br>
一定是那个<br>
怪力女做的！<br>
用那种<link=""Objection_02_04_07_03"">超规格的蛮力</link>！"
0204Trial07_Hanna003,そ、そんなこと可能ですの！？,这、这可能吗！？
0204Trial07_Hanna004,ですからっ！<br>わたくしはその時、上の階にいましたわー！？,"所以不是说了吗！<br>
那个时候我在上层哇！？"
0204Trial07_Hanna005,双子だったりしませんわー！,才不是什么双胞胎哇——！
0204Trial07_Hanna006,いいがかりをつけるのもいい加減にしてくださいましー！,你们诬陷我也要适可而止一点——！
0204Trial07_Hanna007,何を言ってるのかさっぱりわかりませんわー！？,你们在说什么，我完全听不懂哇！？
0204Trial07_Hanna008,そんなことわかってますわー！？,谁不知道哇！？
0204Trial07_Hanna009,ちょ……ちょっと待ちやがりなさい！,这……给我等等！
0204Trial07_Hanna010,それって……<br>わたくしがやったって言うんですの！？,"你这不就……<br>
相当于说是我干的吗！？"
0204Trial07_Hanna011,わたくしそんなことしていません……<br>いや……！,"我才不会做那种事……<br>
不对……！"
0204Trial07_Hanna012,できないんですわっ！,是做不到哇！
0204Trial08_Hanna001,わたっ、わたくしは<br>シェリーさんが<br>エレベーターで<br>昇ってきたあと、<br>一緒に扉の前で<br>待っていましたわ！,"我、<br>
我可是<br>
在雪莉搭电梯<br>
上来之后，<br>
就一直在那里<br>
和她一起等着了哇！"
0204Trial08_Hanna002,"そうですわ！<br>わたくし、<br>浮かせられるのは<br><link=""Objection_02_04_08_01"">自分の体</link>だけですもの！<br>エマさんを浮かせるなんて、<br>無理ですわー！","没错！<br>
我只能让<br>
<link=""Objection_02_04_08_01"">自己的身体</link><br>
飘浮起来呀！<br>
要说是我让艾玛飘浮起来，<br>
那是不可能的哇！"
0204Trial08_Hanna003,……あ……う……。,……啊……呜……
0204Trial08_Hanna004,絶対、絶対勝ってくださいまし、エマさん！,一定、一定要赢哇，艾玛！
0204Trial08_Hanna005,エマさんが勝てるようにおまじないですわ。,这是能让艾玛获胜的魔法哦。
0204Trial08_Hanna006,あ……ち、違……。,啊……不、不……
0204Trial08_Hanna007,………違いますわっ！！,………不对！！
0204Trial08_Hanna008,わたくし……わたくしそんなことしておりません……。<br>するわけが……ありませんもの！！,"我……我没有做那种事……<br>
我怎么可能……会那样做哇！！"
0204Trial09_Hanna001,わ、わたくしが<br>髪を編み込んだドレスで<br>エマさんに<br>魔法を使ったなんて……<br>そんな証拠、<br>どこにもありませんわ！,"说、说我把<br>
头发编进礼服<br>
再利用礼服<br>
对艾玛使用魔法……<br>
根本没有<br>
任何证据哇！"
0204Trial09_Hanna002,それにわたくしには、<br>そんなことする時間なんて<br>ありませんもの！,"而且，我根本<br>
没有时间<br>
做那种事！"
0204Trial09_Hanna003,"わたくしがエレベーターで<br>上に昇ったあと<link=""Objection_02_04_09_01"">すぐ</link>、<br>シェリーさんが来たんです！<br>わたくしには無理ですわ！","我乘电梯<br>
到上层之后，<br>
雪莉<link=""Objection_02_04_09_01"">马上</link>就来了！<br>
我根本不可能做那些哇！"
0204Trial09_Hanna004,そんなの<br>ただのいちゃもんですわっ！,"说那些<br>
不过是强词夺理罢了！"
0204Trial09_Hanna005,わたくしに<br>そんな準備なんてしている時間<br>ありません……！<br>わたくしは<br>犯人じゃありませんわ！,"我根本<br>
没有时间<br>
做什么事前准备……！<br>
我不是凶手！<br>"
0204Trial09_Hanna006,わ、わたくし<br>地下にいましたわよねっ！<br>ねえみなさん！,"我、我那时候<br>
不是在地下吗！<br>
对吧，各位！"
0204Trial09_Hanna007,わ、わたくしはいました……<br>いたんです！,"我、我当时确实在呀……<br>
是真的！"
0204Trial09_Hanna008,……そ、そうだ！<br>そうです！<br>ドレスですわ！,"……对、对了！<br>
没错！<br>
是礼服！"
0204Trial09_Hanna009,アリサさんが<br>死体発見の１５分前に<br>アトリエにドレスがあったのを<br>見ているんでしょう……！？,"亚里沙不是在<br>
发现尸体的15分钟前，<br>
还看到礼服<br>
在画室里吗……！？"
0204Trial09_Hanna010,"わたくしには、<br>５分足らずで<br>ドレスを取ってきて、<br>エマさんを着替えさせる<br><link=""Objection_02_04_09_03"">時間</link>なんてありません……！","要在<br>
不到5分钟内<br>
把礼服拿过来，<br>
再给艾玛换上什么的，<br>
我哪有<link=""Objection_02_04_09_03"">时间</link>做这些啊！"
0204Trial09_Hanna011,わたくしには無理ですわ！<br>信じてください！,"我不可能杀人的！<br>
请相信我！"
0204Trial09_Hanna012,そんなことしてませんわ！,我才不会做那种事！
0204Trial09_Hanna013,そんな証拠もないことで<br>人を疑わないでください！,"请不要无凭无据<br>
怀疑别人！"
0204Trial09_Hanna014,ど、ど、どういうこと……ですの……？,这、这、这是……什么意思……？
0204Trial09_Hanna015,う……ぐ……！？,呜……这……！？
0204Trial09_Hanna016,そんな……そんな……そんなこと……。,怎么……怎么……怎么会……
0204Trial09_Hanna017,……そ、そうですわ！,……对、对哇！
0204Trial09_Hanna018,仮にわたくしが犯人だとしても<br>証拠はありません……！,"就算我是凶手，<br>
你也没有证据……！"
0204Trial09_Hanna019,……だってそんなのは当然です！<br>わたくしは犯人ではないんですから！！,"……那是理所当然的！<br>
因为我根本就不是凶手！！"
0204Trial09_Hanna020,証拠なんてないの！<br>どこにも！,"根本没有证据！<br>
哪里都没有！"
0204Trial09_Hanna021,それでも犯人だと言うのなら、<br>やっぱりヒロさんが犯人なんだわ！,"即使如此你还要坚持说我是凶手，<br>
那果然凶手就是希罗你！"
0204Trial09_Hanna022,あなたが……<br>わたくしを犯人にしようとしているのっ！,"是你……<br>
想把罪名推到我头上！"
0204Trial09_Hanna023,あなたが……悪いの……！,全是……你的错……！
0204Trial09_Hanna024,あなたさえ――いなければっ！,只要——没有你这个人就好了！
0204Trial10_Hanna001,わたくしが犯人だなんて証拠、<br>１つもありませんわ！,"没有任何证据<br>
可以证明我是凶手！"
0204Trial10_Hanna002,わたくしを<br>犯人扱いするだなんて<br>認められません！,"要想把我<br>
当成凶手，<br>
我绝不可能承认！"
0204Trial10_Hanna003,"わたくしには<br><link=""Objection_02_04_10_01"">エマさんを殺す動機</link>すら<br>ないんですからっ！","我连<br>
<link=""Objection_02_04_10_01"">杀害艾玛的动机</link><br>
都没有！"
0204Trial10_Hanna004,"全てあなたの<link=""Objection_02_04_10_02"">妄想</link>だわ！","一切只不过是你的<link=""Objection_02_04_10_02"">妄想</link>！"
0204Trial10_Hanna005,はんっ……！<br>それはどうだか。,"哈……！<br>
那可不好说。"
0204Trial10_Hanna006,"あなたとエマさんは<br><link=""Objection_02_04_10_03"">知り合いだった</link>のでしょう。","你和艾玛<br>
<link=""Objection_02_04_10_03"">以前就认识</link>吧。"
0204Trial10_Hanna007,それに<br>普段のあなたたちの言動が<br>見られていないとでも<br>思ってますの！？,"而且你以为<br>
你们平时的言行举止<br>
大家看不到吗！？<br>"
0204Trial10_Hanna008,"あなたはエマさんを<br>嫌っていたし、<br>エマさんもあなたを<br><link=""Objection_02_04_10_04"">嫌っていた</link>……！","你讨厌艾玛，<br>
艾玛也<br>
<link=""Objection_02_04_10_04"">讨厌</link>你……！<br>"
0204Trial10_Hanna009,なら殺す動機なんて<br>十分でしょう！,"那杀人动机<br>
不就足够了吗！"
0204Trial10_Hanna010,あらゆる面において、<br>わたくしよりもあなたの方が<br>犯人としてふさわしいわ！,"无论从哪个方面看，<br>
比起我来，<br>
你才更像凶手！"
0204Trial10_Hanna011,……っ！<br>そ、そんなの言葉の綾ですわ！,"……！<br>
你、你这是故意抠我的字眼！"
0204Trial10_Hanna012,あるわけが……ありません……！,怎么可能……会有动机……！
0204Trial10_Hanna013,そんなものは証拠になりません！！,那些根本不能算证据！！
0204Trial10_Hanna014,トリックなんて使わなくても<br>あなたが犯人であれば丸く収まるんです……！,"就算不用什么诡计，<br>
只要你是凶手，一切就都完美解决了……！"
0204Trial10_Hanna015,あなたが言っているのは全部、<br>【あなたが犯人じゃない場合に限った推理】でしょう！,"你说的这些，全部都是<br>
【只有在你不是凶手的情况下才成立的推理】吧！"
0204Trial10_Hanna016,いい加減、自白なさったらいかが！？,你还不快点自首！？
0204Trial10_Hanna017,ウソつき……！,你骗人……！
0204Trial10_Hanna018,エマさんが言ってたわ！<br>２人は幼少期からの知り合いだと！,"艾玛说过的！<br>
你们两个从小就认识！"
0204Trial10_Hanna019,ヒロさん、<br>どうしてそんなウソをつくんですの！,"希罗，<br>
你为什么要撒这种谎！"
0204Trial10_Hanna020,きっとヒロさんは……エマさんを憎んでいたんですわ！,希罗一定……憎恨着艾玛！
0204Trial10_Hanna021,だから殺したんです！,所以才杀了她！
0204Trial10_Hanna022,あなたとエマさんは争ったことだってありましたわ！,你和艾玛甚至还争执过！
0204Trial10_Hanna023,そんなあなたの言う事など……信憑性がありません！,现在你来说这些……根本不可信！
0204Trial10_Hanna024,……え？,……欸？
0204Trial10_Hanna025,な、何を……！,你、你在说什么……！
0204Trial10_Hanna026,……そ、そんなのこじつけだわ……！,……那、那只是牵强附会……！
0204Trial10_Hanna027,レイピアで刺されたら、<br>抵抗出来ないまま死ぬ人だっているはずだし……！！,"如果身中刺剑，<br>
肯定也有人会来不及抵抗就咽气的……！！"
0204Trial10_Hanna028,それに、エマさんは誰に対しても優しくて……<br>わたくしだけじゃなく、あなたのことだって……！,"而且，艾玛小姐对每个人都很友善……<br>
不只是对我这样，对你也是一样……！"
0204Trial10_Hanna029,なのにあなたはエマさんに冷たくしていた！,但是你却那么冰冷地对待艾玛！
0204Trial10_Hanna030,あなたが殺したんだわ！,是你杀了她！
0204Trial10_Hanna031,それがなんだっていうんですの！？,那有什么意义吗！？
0204Trial10_Hanna032,あなたはそうやって自分の犯行を誤魔化すために、<br>丸め込もうとしているだけだわ！,"你不过是在误导大家相信你，<br>
试图掩盖自己的罪行罢了！"
0204Trial10_Hanna033,え……？ そ、それは……。,欸……？那、那是……
0204Trial10_Hanna034,そ……そんな……！,怎、怎么会……！
0204Trial10_Hanna035,う、うそ……！<br>そんなこと……！,"骗、骗人……！<br>
这怎么可能……！"
0204Trial10_Hanna036,あ……あ……！,啊……啊……！
0204Trial10_Hanna037,ち、ちが……わた……くし……。,不、不……我……我……
0204Trial10_Hanna038,わたくしは……わたくしは……。,我……我……
0204Trial10_Hanna039,そんなつもりじゃ……なかった、のに……。,我根本……不想的……
0204Trial10_Hanna040,違う……違うの……わたくしは。,不是的……不是的……我、
0204Trial10_Hanna041,エマさんまで殺すつもりなんて……なかった……！,我根本就……没打算把艾玛也杀了……！
0204Trial10_Hanna042,……これは………事故……！<br>そう、事故だったの……！,"……这是……一场事故……！<br>
对，是不幸的事故……！"
0204Trial10_Hanna043,わたくしは……悪く……ない……！,我才……没有……错……！
0204Trial10_Hanna044,――違うの！！ わたくしは――！,——不对！！我——！
0204Trial10_Hanna045,――殺すつもりじゃ、なかったの！！！,——我根本没打算杀人的！！！
0204Trial10_Hanna046,わた……くし……は……。,我……我……是……
0204Trial10_Hanna047,ちが……うの……。,我没……有……
0204Trial10_Hanna048,しん……じて……。,相……信我……
0204Trial11_Hanna001,わたくしが――してしまったこと……。,我——所做的事情……
0204Trial11_Hanna002,わたくしは、何を……してしまったの？,我，到底……做了什么？
0204Trial11_Hanna003,違うの、わたくしは……悪くない。,不是的，我……没有错。
0204Trial11_Hanna004,そう、悪いのは……あの人。,嗯，错的是……她。
0204Trial11_Hanna005,全部全部……あの人が、悪いのよ……。<br>わたくしは……【私】は、悪くない……。,"一切的一切……都是那个人的错。<br>
本小姐……【我】，没有错……"
0204Trial11_Hanna006,私は……レイアさんを、殺しました。,我……杀了蕾雅。
0204Trial11_Hanna007,地下で拾った氷塊を持って。<br>後ろから……殴りかかったんです。,"在地下捡起冰块。<br>
从后面……袭击了她。"
0204Trial11_Hanna008,エレベーターを出たところで、<br>レイアさんは血を流して倒れて……。,"在电梯出口处，<br>
蕾雅流着血倒下……"
0204Trial11_Hanna009,そしたら……エマさんが、脚立を持って来て……。,然后……艾玛拿着人字梯走过来……
0204Trial11_Hanna010,だから、声をあげられる前に、<br>私は、レイアさんの剣を、手にとって……。,"不等她出声喊我，<br>
我，就拿起了蕾雅的剑……"
0204Trial11_Hanna011,気がついたら、２人の死体が……そこにあって。,等我回过神来，那里只剩……两具尸体。
0204Trial11_Hanna012,だからとにかく……隠さなきゃ、って……。,所以我，满脑子都是……把尸体藏起来……
0204Trial11_Hanna013,レイアさんを……エレベーターの上に隠して。,我把蕾雅……藏在电梯顶上。
0204Trial11_Hanna014,でも、集合時間が近くて……<br>その時いなかったら怪しまれると思って……。,"可是，集合时间快到了……<br>
到时如果我不在的话会被怀疑……"
0204Trial11_Hanna015,だからエマさんを、脚立の影に隠そうと思ったの……。,所以想把艾玛，藏在人字梯挡住的地方……
0204Trial11_Hanna016,でもこのあとみんな来たら、すぐにバレちゃうから……。,但是之后大家来了的话，马上就会暴露……
0204Trial11_Hanna017,どうにかして……<br>エマさんの死体が見つからないようにする必要があった……。,"必须想办法……<br>
让别人找不到艾玛的尸体……"
0204Trial11_Hanna018,だから……死体を消そうと思って……<br>たまたま、持ってきた舞台衣装をエマさんに……<br>着せたんです……。,"所以……我想让尸体消失……<br>
就把碰巧带着的舞台服……<br>
给艾玛穿上了……"
0204Trial11_Hanna019,エマさんだけが舞台衣装に着替えていて怪しまれないよう、<br>レイアさんにも彼女が持っていた王冠を被せて……。,"为了让换上了舞台服的艾玛不令人怀疑，<br>
我给蕾雅戴上了她带来的王冠……"
0204Trial11_Hanna020,一度地下に戻ってから、<br>私は一番にエレベーターに乗り込んだの……。,"再次回到地下，<br>
我就第一个乘上电梯……"
0204Trial11_Hanna021,そして死体に着せたドレスの刺繍……<br>編み込んだ私の髪に、魔法をかけた……。,"然后对尸体穿着的礼服、上面的刺绣……<br>
对缝进刺绣的自己的头发，施了魔法……"
0204Trial11_Hanna022,髪は彼女の死体を持ち上げて……。,头发把她的尸体抬了起来……
0204Trial11_Hanna023,そして死体は、エレベーターの天井の上……<br>何もない暗闇に吸い込まれていったの……。,"然后尸体向着电梯顶板上方飘浮……<br>
被空无一物的黑暗吞没……"
0204Trial11_Hanna024,このままずっと浮いていてくれたら、<br>誰にも見つからないのにって……そう思った。,"如果能一直这样飘浮下去，<br>
就不会被任何人发现了……我这么想着。"
0204Trial11_Hanna025,だから必死に念じてたの。<br>魔法が、続きますように……って……。,"所以我拼命地念着魔法。<br>
祈求魔法能一直持续……"
0204Trial11_Hanna026,……でも。,……但是。
0204Trial11_Hanna027,私の中途半端な魔法じゃ、無理だったの。,凭我这半吊子的魔法，根本做不到。
0204Trial11_Hanna028,浮力を失った彼女の死体は落下して。,她的尸体失去浮力，坠落下来。
0204Trial11_Hanna029,そして……地下で見つかってしまった。,然后……在地下，被发现了。
0204Trial11_Hanna030,全部……全部がそれで終わってしまった。,一切……一切都完了。
0204Trial11_Hanna031,……違うの。<br>殺すつもりなんて、なかったの。,"……不是的。<br>
我根本不想杀人的。"
0204Trial11_Hanna032,騙すつもりなんて、なかった。<br>嘘をつくつもりなんて、なかった。,"我不想骗人的。<br>
我不想撒谎的。"
0204Trial11_Hanna033,罪を押し付けるつもりなんて、なかった。<br>悪い子になるつもりなんて、なかった……！,"我不想嫁祸别人的。<br>
我不想做个坏孩子的……！"
0204Trial11_Hanna034,私のせいじゃない……私の、せいじゃ……！,不是我的错……不是、我的、错……！
0204Trial11_Hanna035,……ねえ、私。,……呐，我呀。
0204Trial11_Hanna036,本当に、２人も人を……殺してしまったの……？,真的、把两条人命都……杀死了吗……？
0204Trial11_Hanna037,……嘘よ、そんなの……。,……骗人，怎么会……
0204Trial11_Hanna038,私は……<br>【わたくし】は……。,"我……<br>
【本小姐】我……"
0204Trial11_Hanna039,可愛くて……誰よりも素敵な……。,明明这么可爱……明明是最完美的……
0204Trial11_Hanna040,【お嬢様】……なの……に……。,【大小姐】……却……竟然……
0205Adv03_Hanna001,そ、そうですわ！<br>なんだか事情がわかっているようですし、<br>説明してくださいまし！,"没、没错哇！<br>
看你好像知道些内情，<br>
请你给我们解释一下！"
0205Adv04_Hanna001,裁判ってどういうことですの？,审判是怎么回事呀？
0205Adv05_Hanna001,ちょちょちょっとこれ<br>ヤバいんじゃありませんこと！？,"等、等等，这、<br>
这样下去不妙吧！？"
0205Adv06_Hanna001,そんな……わたくしたちがやったことは、<br>無意味だったんですの……？,"怎么会……那我们所做的一切，<br>
都是徒劳的吗……？"
0205Adv07_Hanna001,ようやくお迎えが来たんですの！？,终于来接我们了吗！？
0205Adv07_Hanna002,お茶会をする約束ですわ！<br>わたくしの豪勢なおうち……ではなく、<br>レイアさんのお家で！,"约好了要开茶会的哇！<br>
在我那豪华的宅邸……不对，<br>
是在蕾雅家！"
0205Adv08_Hanna001,エマさん。,艾玛。
0205Adv08_Hanna002,これはわたくしたちからの、<br>お友だちとしてのアドバイスです。,"这是我们大家<br>
作为朋友，给你的建议。"
0205Bad01_Hanna001,ひっ、なんなんですの……！,噫，这究竟怎么一回事……！
0205Bad01_Hanna002,あ、ぐ……。,啊、呜……
0205Trial00_Hanna001,ま、魔女って……！<br>そんなのいったい誰ですの！？,"魔、魔女……！<br>
究竟谁是魔女！？"
0205Trial02_Hanna001,あの姿は……！？,那个样子是……！？
0205Trial03_Hanna001,……で、でも<br>魔法を使える人は<br>存在しますわ？<br>わたくしだって<br>そうですし……。,"……可、可是<br>
能使出魔法的人<br>
的确存在啊？<br>
比如我<br>
就是……"
0205Trial05_Hanna001,魔女になったからって<br>開き直り過ぎですわー！？,"虽说成了魔女，<br>
你这是不是想得太开了啊！？"
0205Trial19_Hanna001,"<ruby=""わたし"">私</ruby>が……<br>レイアさんと……エマさんを……。","我……把……<br>
蕾雅……和艾玛……"
0205Trial19_Hanna002,そんな……そんなのって……。,怎么会……怎么会这样……
0205Trial21_Hanna001,わたくしが……わたくしが……わたくしが……！<br>そんなの嘘……嘘……！,"本小姐我……竟然……竟然……！<br>
那是骗人的……骗人的……！"
0205Trial21_Hanna002,嘘よ……ねぇ！,是骗人的……对吧！
0205Trial21_Hanna003,……嘘でしょう！！,……是骗人的吧！！
0205Trial22_Hanna001,"だめ……だめ……<br>どうして<link=""Objection_02_05_22_01"">そんなこと</link>……。","不要……不要……<br>
为什么我会<link=""Objection_02_05_22_01"">做出这种事</link>……"
0205Trial22_Hanna002,"どうしてわたくしは<br><link=""Objection_02_05_22_02"">殺して</link>しまったの……？<br>レイアさんを……<br>エマさんを……！","为什么我会<br>
<link=""Objection_02_05_22_02"">杀人</link>……？<br>
把蕾雅杀了……<br>
把艾玛杀了……！"
0205Trial22_Hanna003,何の罪もない<br>人たちなのに……！,"明明她们<br>
根本没有罪过……！"
0205Trial22_Hanna004,"それに……<br><link=""Objection_02_05_22_03"">シェリーさん</link>は<br>そんなわたくしに付き合って……。","而且……<br>
我这么罪孽深重，<br>
<link=""Objection_02_05_22_03"">雪莉</link>竟然要陪我一起……"
0205Trial22_Hanna005,うう……<br>ああああ……！,"呜呜……<br>
啊啊啊啊……！"
0205Trial22_Hanna006,"そんなの<link=""Objection_02_05_22_04"">無理</link>よ……！<br>わたくしは……<br>わたくしは……！！","<link=""Objection_02_05_22_04"">做不到</link>啊……！<br>
我……<br>
该怎办……！！"
0205Trial22_Hanna007,わたくしは……わたくし……は……！,我……已经……！
0205Trial22_Hanna008,……それでも、わたくしは……！！,……就算是这样，我也……！！
0205Trial22_Hanna009,そんなこと……言われても……！,现在说这个……有什么用……！
0205Trial22_Hanna010,……っ！,……！
0205Trial22_Hanna011,それは……。,我……
0205Trial22_Hanna012,……っ……。,…………
0205Trial22_Hanna013,やっぱり無理です……！<br>わたくしに……お嬢様の資格なんてないんですわ……！,"还是不行……！<br>
我……根本没有当大小姐的资格呀……！"
0205Trial22_Hanna014,わたくしは……ダメな子なんです！！,我……真的太不中用了！！
0205Trial23_Hanna001,"わたくしが<br>犯してしまった罪は<br><link=""Objection_02_05_23_01"">身勝手で残忍な</link><br>ものですわ……！","我犯下的<br>
罪孽，<br>
<link=""Objection_02_05_23_01"">既自私又残忍</link>……！<br>"
0205Trial23_Hanna002,謝っても許されない、<br>取り返しの<br>つかないもの……。,"是道歉也无法得到原谅，<br>
且无可挽回的<br>
重罪……"
0205Trial23_Hanna003,彼女たちは……<br>別の世界のわたくしたちは、<br>一生懸命生きようとした<br>はずですわ。,"她们……<br>
另一个世界的我们，<br>
应该都是拼尽全力<br>
想活下去的。"
0205Trial23_Hanna004,"それを全て<br><link=""Objection_02_05_23_02"">なかったことにする</link><br>なんてできませんわ……！","怎么可以把那一切<br>
<link=""Objection_02_05_23_02"">当作没发生过</link><br>
呢……！"
0205Trial23_Hanna005,彼女たちのことを<br>忘れてしまったら……<br>いったい誰が彼女たちを<br>弔ってあげられますの……？,"如果忘记了<br>
她们……<br>
还有谁能<br>
为她们哀悼……？"
0205Trial23_Hanna006,わたくしは<br>永遠に忘れてはいけない……。,"我必须<br>
永远记住……"
0205Trial23_Hanna007,"彼女たちを<br><link=""Objection_02_05_23_03"">見捨てて</link>しまったら……<br>わたくしは<br>人間ではなくなって<br>しまいますわ！！","如果<link=""Objection_02_05_23_03"">抛弃</link>了<br>
她们……<br>
我就<br>
没资格<br>
继续当人了！！"
0205Trial23_Hanna008,……だから、人を殺してもいいと？,……所以你想说，杀了人也不要紧吗？
0205Trial23_Hanna009,そんな理屈、納得できませんわ！,这种道理，我无法接受啊！
0205Trial23_Hanna010,そんな理由で自分を許してしまったら、<br>体だけじゃなく、心まで化け物になってしまいますもの……。,"如果靠这种道理就原谅了自己，<br>
那就不只是身体，连心灵都会变成怪物的……"
0205Trial23_Hanna011,そんなの、わたくしは絶対イヤですわ……！,我绝对不想变成怪物……！
0205Trial23_Hanna012,……ヒロさんはやり直せるから<br>そんなこと言えるんでしょうけど……。,"……希罗你有办法重来，<br>
所以才说得出这种话吧……"
0205Trial23_Hanna013,人の命は本来１回きりですわ。<br>死んでしまったらそれでおしまい……。,"人的生命只有一次啊。<br>
死了就什么都没了……"
0205Trial23_Hanna014,簡単に割り切るなんて出来ませんわ！,不可能说放下就能放下的！
0205Trial23_Hanna015,命はそんなに軽いものじゃないんですもの！,生命并不是那么轻贱的东西！
0205Trial23_Hanna016,………！,………！
0205Trial23_Hanna017,ああ………あああ……！,啊啊………啊啊啊……！
0205Trial23_Hanna018,…………ヒロ、さんっ……！,…………希罗……！
0205Trial23_Hanna019,……あぁ……。,……啊啊……
0205Trial23_Hanna020,今度は……わたくし……。,这次……我……
0205Trial23_Hanna021,ちゃんと……握っていられるかしら……。,到底能不能……稳稳地握住呢……
0205Trial25_Hanna001,でもわたくし、魔女になりたくありませんの。,但我真的不想变成魔女。
0205Trial25_Hanna002,魔女になって、誰かを憎んだり、<br>殺意を抱いたりしたくないんですの。,"我不想变成魔女，<br>
去憎恨他人，心怀杀意。"
0205Trial25_Hanna003,この監獄の決められた流れに、<br>組み込まれたくない。,"我不想心甘情愿地接受<br>
这座监牢为我们编排的既定命运。"
0205Trial25_Hanna004,魔女になるのが避けられないのなら、<br>せめて抗いたい。,"如果躲不开成为魔女的宿命，<br>
至少我想要反抗一下。"
0206Trial00_Hanna001,こ、これが……大魔女……ですの……？,她、她就是……大魔女…………？
0206Trial00_Hanna002,わたくしじゃありませんわー！？,不是我干的哇！？
0206Trial04_Hanna001,そ、そうですわ！,说、说得对哇！
0206Trial04_Hanna002,いくらあなたたちが<br>可哀想だったとしても、<br>わたくしたちが<br>黙って殺される理由には<br>なりませんわー！,"无论你们<br>
有多么可怜，<br>
也不能成为我们<br>
必须默默被杀的<br>
理由啊——！"
0206Trial05_Hanna001,……なら、それを指摘すれば<br>考えをあらためてくれるかもしれませんわね！,"……如果真是这样，那我们只要指出这一点，<br>
也许就能让她重新考虑计划了！"
0206Trial07_Hanna001,そんな簡単に引き下がりますのー！？,就这样轻易放弃了吗——！？
0206Trial08_Hanna001,そうですわ！,对哇！
0206Trial08_Hanna002,私たちはどんな状況におかれても、<br>なりたい自分になろうとすることができます！,"无论我们身处什么样的境地，<br>
都可以努力成为自己想成为的人！"
0206Trial08_Hanna003,その気高くあろうとする心が、<br>人の善性というものですわー！,"那份想要保持高尚的心，<br>
就是人类的善呀！"
0206Trial09_Hanna001,ええ！<br>わたくしたちは弱いからこそ、<br>気高くあろうと<br>再び立ち上がることが<br>できるんです！,"嗯！<br>
正因为我们软弱，<br>
才总会为了追求高尚<br>
而一次次<br>
重新站起来！"
0206Trial09_Hanna002,……あなただって、<br>それができますわ！,"……你也一定<br>
可以做到的！"
CommonBad02_Hanna001,…………。,…………
CommonBad02_Hanna002,じょ、冗談じゃねーですわ！<br>わたくしの他にも怪しい人はいたでしょう……！？,"别、别开玩笑了！<br>
明明还有比我更可疑的人吧……！？"
CommonBad02_Hanna003,違う！ わたくしはやってない！<br>無実ですわ！！ やり直しを求めます！,"不对！人不是我杀的！<br>
我是无辜的！！我要求重新审判！"
